ecount_prod_cd,ecount_prod_des,cafe24_product_no,cafe24_product_code,cafe24_product_name,similarity_score,ecount_out_price2
(1)100LVL30308,◈LVL●30*30★8자★ (합판 한치각) [단],1407,P0000CCD,"LVL 합판각재<br>합판다루끼<br>한치각,투바이",43.24,0.0000000000
(1)100구조재A14,◈구조재 1*4 12자 (19*89) 원포,1674,P0000CMK,마감용 구조재 인테리어등급<BR>1” X 4” (19mm X 89mm) / 원포,52.38,7100.0000000000
(1)100구조재A16,◈구조재 1*6 12자 (19*140) 원식스,1675,P0000CML,마감용 구조재 인테리어등급<BR>1” X 6” (19mm X 140mm) / 원식스,56.52,13500.0000000000
(1)100구조재A18,◈구조재 1*8 12자 (19*184) 원에잇,1676,P0000CMM,마감용 구조재 인테리어등급<BR>1” X 8” (19mm X 184mm) / 원에잇,56.52,17400.0000000000
(1)100구조재B110,◈구조재 1*10 12자 (19*235) 원텐,1677,P0000CMN,마감용 구조재 인테리어등급<BR>1” X 10” (19mm X 235mm) / 원텐,56.52,21500.0000000000
(1)100구조재B112,◈구조재 1*12 12자 (19*286) 원투엘브,1678,P0000CMO,마감용 구조재 인테리어등급<BR>1” X 12” (19mm X 286mm) / 원투엘브,60.0,27700.0000000000
(1)100구조재C22,◈구조재 2*2 12자 (38*38) 투투,1679,P0000CMP,마감용 구조재 인테리어등급<BR>2” X 2” (38mm X 38mm) / 투투,52.38,5200.0000000000
(1)100구조재C24,◈구조재 2*4 12자 (38*89) 투포,1680,P0000CMQ,마감용 구조재 인테리어등급<BR>2” X 4” (38mm X 89mm) / 투포,52.38,10000.0000000000
(1)100구조재C26,◈구조재 2*6 12자 (38*140) 투식스,1681,P0000CMR,마감용 구조재 인테리어등급<BR>2” X 6” (38mm X 140mm) / 투식스,56.52,16200.0000000000
(1)100구조재C28,◈구조재 2*8 12자 (38*184) 투에잇,1682,P0000CMS,마감용 구조재 인테리어등급<BR>2” X 8” (38mm X 184mm) / 투에잇,56.52,25900.0000000000
(1)100구조재D212,◈구조재 2*12 12자 (38*286) 투투엘브,1684,P0000CMU,마감용 구조재 인테리어등급<BR>2” X 12” (38mm X 286mm) / 투투엘브,60.0,47500.0000000000
(1)100구조재E70각,◈구조재 70*70 12자 ■(70각재),836,P0000BGE,뉴송 각재,60.0,23300.0000000000
(1)100구조재E90각,◈구조재 90*90 12자 ■4*4(90각재) 포포,896,P0000BIM,"구조재 (원주목,목봉)",49.09,31400.0000000000
(1)100라왕301400원,◈라왕 솔리드 ○원주목○ 30*1400,1801,P0000CRH,레드파인 집성판<br>솔리드 30T x 1220 x 2440mm,45.0,5900.0000000000
(1)100라왕심재,◈라왕 30*40*2100 (심재),1617,P0000CKF,라왕 각재<br>30 x 40 x 2100mm 심재,75.0,3000.0000000000
(1)100라왕한치각,◈라왕 30*30*3600 (집성 한치각),1616,P0000CKE,라왕 각재<br>30 x 30 x 3600mm 다루끼(한치각),66.67,3300.0000000000
(1)100라왕후지,◈라왕 10*40*2100 (후지),1618,P0000CKG,라왕 각재<br>10 x 40 x 2100mm 후지,75.0,1900.0000000000
(1)100목망꽃바둑1015,◈목망 꽃바둑살 10*15*600*1860,1403,P0000CBZ,목망 꽃바둑살<br>600X1860X8X15T,66.67,50000.0000000000
(1)100목망캡,◈22*24*2000 캡(목망테두리),1107,P0000BQP,아트보드 방염 선택<br>9T x 1220 x 2420<br>1~3일 소요(공장출고),38.57,4500.0000000000
(1)100미송루바8자,◈미송루바 12*120*8자 (8장) 펠레손,839,P0000BGH,미송 루바<br>펠레손 12T<br>8매/단,42.42,30800.0000000000
(1)100방부목1120,◈방부목 21*120*3600 데크(중),1000,P0000BMM,무방부목<br>15x95x3600<br>데크재,55.56,6500.0000000000
(1)100방부목295,◈방부목 15*95*3600 데크(소),1000,P0000BMM,무방부목<br>15x95x3600<br>데크재,74.29,4900.0000000000
(1)100방부목3140,◈방부목 25*140*3600 데크(대),1000,P0000BMM,무방부목<br>15x95x3600<br>데크재,55.56,9700.0000000000
(1)100방부목4A22,◈방부목 2*2 12자 (38*38) 투투,1659,P0000CLV,방부목 각재<br>2” X 2” (38mm X 38mm / 투투),62.86,4600.0000000000
(1)100방부목524,◈방부목 2*4 12자 (38*89) 투포,1660,P0000CLW,방부목 각재<br>2” X 4” (38mm X 89mm / 투포),62.86,8800.0000000000
(1)100방부목626,◈방부목 2*6 12자 (38*140) 투식스,1661,P0000CLX,방부목 각재<br> 2” X 6” (38mm X 140mm / 투식스),66.67,15000.0000000000
(1)100방부목8212,◈방부목 2*12 12자 (38*285) 투투엘브,1664,P0000CMA,방부목 각재<br>2” X 12” (38mm X 285mm / 투투엘브),69.77,48300.0000000000
(1)100방부목91라티,◈방부 라티스 (1220*2440*15),1177,P0000BTH,방부 라티스 (15T),77.14,28000.0000000000
(1)100방부목944,◈방부목 4*4 12자 (90*90) 포포 [90각],1665,P0000CMB,"방부목 각재<br>4” X 4” (90mm X 90mm / 포포,90각)",68.29,27800.0000000000
(1)100방킬8자,◈방킬라이 2400*90*19 (8자),877,P0000BHT,방킬라이<br>19x90x2400<br>데크재,49.09,9500.0000000000
(1)100소송1303012,◈소송(KD) 30*30*12자 (한치각) [단],1613,P0000CKB,소송 각재 KD<br>투바이 30 x 69 x 3600mm 1단(6개),47.62,32000.0000000000
(1)100소송2306912,◈소송(KD) 30*69*12자 (투바이) [단],1614,P0000CKC,소송 각재 KD<br>투바이 30 x 69 x 3600mm 1개(낱개),48.46,37300.0000000000
(1)100소송330308,◈소송(KD)●30*30★8자★ (한치각) [단],1611,P0000CJZ,소송 각재 KD<br>다루끼 30 x 30 x 2400mm 1단 (8자/12개),45.45,25900.0000000000
(1)100소송4203012,◈소송(KD)●20*30*12자 (★나나부) [단],1615,P0000CKD,소송 각재 KD<br>나나부 20 x 30 x 3600mm 1단(12개),48.46,25000.0000000000
(1)100소송53030121,◈소송(KD)¶30*30*12자 (한치각) 낱개!!,1614,P0000CKC,소송 각재 KD<br>투바이 30 x 69 x 3600mm 1개(낱개),51.16,3500.0000000000
(1)100소송63069121,◈소송(KD)¶30*69*12자 (투바이) 낱개!!,1614,P0000CKC,소송 각재 KD<br>투바이 30 x 69 x 3600mm 1개(낱개),51.16,7600.0000000000
(1)100자나무,◈자나무 (미장/조적/쫄대용 등),975,P0000BLN,자나무(미장용)<br>56 x 2440mm,63.53,1100.0000000000
(1)100편백루바18유,◈히노끼루바 10*100 (유절/고급) 8자,1317,P0000BYR,히노끼<br>루바(유절) 10T<br>8매/단,48.48,25000.0000000000
(1)100편백루바8무,◈히노끼루바 10*100 (통 무절/고급) 8자,1317,P0000BYR,히노끼<br>루바(유절) 10T<br>8매/단,47.06,79000.0000000000
(1)200A자이01일반93,◈[GS자이]천연 일반석고 3*6*9.5,1415,P0000CCL,GS건설<br>자이 천연 일반석고보드,66.67,3700.0000000000
(1)200국산2차음1236,◈차음석고 900*1800*12.5,1622,P0000CKK,KCC 차음 석고보드<BR>12.5 x 900 x 1800mm (1236),60.47,6100.0000000000
(1)200자이02방수936,◈[GS자이]천연 방수석고 3*6*9.5 (水),1416,P0000CCM,GS건설<br>자이 천연 방수석고보드,66.67,5900.0000000000
(1)200자이03방화1236,◈[GS자이]천연 방화석고 3*6*12.5 (火),811,P0000BFF,GS건설<br>자이 천연 방화석고보드,64.52,6500.0000000000
(1)200자이04일반1236,◈[GS자이]천연 일반석고 3*6*★12.5,1552,P0000CHS,자이 천연 일반석고보드<br>12.5T x 900 x 1800mm (1236),66.0,5000.0000000000
(1)200자이05일반938,◈[GS자이]삼팔★천연 일반석고 3*8*9.5,1415,P0000CCL,GS건설<br>자이 천연 일반석고보드,62.5,5000.0000000000
(1)200하국산방화1236,◈국산◈ 방화석고 3*6*12.5 (火),1621,P0000CKJ,KCC 방화 석고보드<BR>12.5T x 900 x 2400mm (1238),57.27,6600.0000000000
(1)201CRC636,◈CRC(시멘트보드) 3*6 6T (하지용),1164,P0000BSU,CRC보드<br>하지용 미색,59.26,10000.0000000000
(1)201CRC936,◈CRC(시멘트보드) 3*6 9T (하지용),1164,P0000BSU,CRC보드<br>하지용 미색,59.26,14800.0000000000
(1)201석고텍스KCC,◈석고텍스 [KCC] 300*600*9.5 [18매],1379,P0000CBB,"벽산 석고텍스<br>9.5T x 300 x 600, 18매/1Box(1평)",56.52,17800.0000000000
(1)3001A2748BB,◈합판 1220*2440*2.7 BB/CC (이찌부),1604,P0000CJS,자작합판<br>9T x 1220 x 2440mm (S/BB),57.14,8700.0000000000
(1)3001B448오징,◈합판 1220*2440*4 ~(오징어/아로)~,936,P0000BKA,오동합판<br>1220 x 2440mm,60.61,16300.0000000000
(1)3001C4648BB,◈합판 1220*2440*4.6 BB/CC (니부),1604,P0000CJS,자작합판<br>9T x 1220 x 2440mm (S/BB),58.54,12000.0000000000
(1)3001D4648알,◈합판★R★1220*2440*4.6 알비자(니부),936,P0000BKA,오동합판<br>1220 x 2440mm,62.86,7900.0000000000
(1)3001E8548BB,◈합판 1220*2440*8.5 BB/CC (삼부),1604,P0000CJS,자작합판<br>9T x 1220 x 2440mm (S/BB),58.54,21800.0000000000
(1)3001F8548MLH,◈합판 1220*2440*8.5 MLH (삼부),936,P0000BKA,오동합판<br>1220 x 2440mm,64.71,13500.0000000000
(1)3001G38548콤,◈합판 1220*2440*8.5 콤비★(삼부),1641,P0000CLD,일반 합판(수입산) 4*8<br>11.5T x 1220 x 2440mm (콤비),62.07,15200.0000000000
(1)3001H11548BB,◈합판 1220*2440*11.5 BB/CC (연부) [고급],1604,P0000CJS,자작합판<br>9T x 1220 x 2440mm (S/BB),54.55,28000.0000000000
(1)3001I11548MLH,◈합판 1220*2440*11.5 MLH (연부),936,P0000BKA,오동합판<br>1220 x 2440mm,62.86,16000.0000000000
(1)3001J11548콤,◈합판 1220*2440*11.5 콤비★(연부),1641,P0000CLD,일반 합판(수입산) 4*8<br>11.5T x 1220 x 2440mm (콤비),60.0,20200.0000000000
(1)3001K11548다,◈합판 1220*2440*11.5 ★다이아 (연부) [일반],1642,P0000CLE,일반 합판(수입산) 4*8<br>11.5T x 1220 x 2440mm (다이아),58.24,26200.0000000000
(1)3001L14548BB,◈합판 1220*2440*14.5 BB/CC (고부),1604,P0000CJS,자작합판<br>9T x 1220 x 2440mm (S/BB),57.14,37500.0000000000
(1)3001M17548BB,◈합판 1220*2440*17.5 BB/CC (록고부),1604,P0000CJS,자작합판<br>9T x 1220 x 2440mm (S/BB),55.81,45500.0000000000
(1)3001Y코아18알,◈코아합판 1220*2440*18 알비자,787,P0000BEH,코아합판<br>1220 x 2440mm,70.59,27000.0000000000
(1)3001Z코아18라,◈코아합판 1220*2440*18 라왕(고급)★,787,P0000BEH,코아합판<br>1220 x 2440mm,68.57,34000.0000000000
(1)300A12736B,◈합판 910*1820*2.7 BB/CC (이찌부),1371,P0000CAT,일반합판 3*6<br>910x1820mm,50.0,6700.0000000000
(1)300A1자작SBB4,◈자작합판 1220*2440*4 (S/BB) 롱/러,1604,P0000CJS,자작합판<br>9T x 1220 x 2440mm (S/BB),73.17,33000.0000000000
(1)300A24636B,◈합판 910*1820*4.6 BB/CC (니부),1371,P0000CAT,일반합판 3*6<br>910x1820mm,51.43,7700.0000000000
(1)300A2자작SBB6,◈자작합판 1220*2440*6 (S/BB) 롱/러,1604,P0000CJS,자작합판<br>9T x 1220 x 2440mm (S/BB),73.17,41500.0000000000
(1)300A38536B,◈합판 910*1820*8.5 BB/CC (삼부),1371,P0000CAT,일반합판 3*6<br>910x1820mm,51.43,12400.0000000000
(1)300A3자작SBB9,◈자작합판 1220*2440*9 (S/BB) 롱/러,1604,P0000CJS,자작합판<br>9T x 1220 x 2440mm (S/BB),73.17,50800.0000000000
(1)300A48536알,◈합판 910*1820*8.5 알비자(삼부),1371,P0000CAT,일반합판 3*6<br>910x1820mm,52.94,9200.0000000000
(1)300A4자작SBB12,◈자작합판 1220*2440*12 (S/BB) 롱/러,1604,P0000CJS,자작합판<br>9T x 1220 x 2440mm (S/BB),71.43,59800.0000000000
(1)300A511536B,◈합판 910*1820*11.5 BB/CC(연부)★고급,1371,P0000CAT,일반합판 3*6<br>910x1820mm,47.37,16300.0000000000
(1)300A5자작SBB15,◈자작합판 1220*2440*15 (S/BB) 롱/러,1604,P0000CJS,자작합판<br>9T x 1220 x 2440mm (S/BB),71.43,69000.0000000000
(1)300A611536M,◈합판 910*1820*11.5 MLH VT (연부),1371,P0000CAT,일반합판 3*6<br>910x1820mm,54.05,9100.0000000000
(1)300A6자작SBB18,◈자작합판 1220*2440*18 (S/BB) 롱/러,1604,P0000CJS,자작합판<br>9T x 1220 x 2440mm (S/BB),71.43,76000.0000000000
(1)300B1미송유48,◈미송(유절) 1220*2440*4.8,783,P0000BED,미송합판(유절)<br>1220 x 2440mm,72.73,15000.0000000000
(1)300B2미송유85,◈미송(유절) 1220*2440*8.5,783,P0000BED,미송합판(유절)<br>1220 x 2440mm,72.73,26500.0000000000
(1)300B3미송유12,◈미송(유절) 1220*2440*12,783,P0000BED,미송합판(유절)<br>1220 x 2440mm,72.73,32500.0000000000
(1)300B4미송유15,◈미송(유절) 1220*2440*15,783,P0000BED,미송합판(유절)<br>1220 x 2440mm,72.73,42500.0000000000
(1)300B5미송유18,◈미송(유절) 1220*2440*18,783,P0000BED,미송합판(유절)<br>1220 x 2440mm,72.73,48800.0000000000
(1)300B6미송무45,◈미송(무절★양면) 1220*2440*4.5,959,P0000BKX,미송합판(양면무절)<br>1220 x 2440mm,64.86,16800.0000000000
(1)300C1낙엽48,◈낙엽송 1220*2440*4.8 엠보,852,P0000BGU,낙엽송 합판 (엠보)<br>1220 x 2440mm,62.86,13600.0000000000
(1)300C2낙엽75,◈낙엽송 1220*2440*7.5 엠보,852,P0000BGU,낙엽송 합판 (엠보)<br>1220 x 2440mm,62.86,25400.0000000000
(1)300C3낙엽115,◈낙엽송 1220*2440*11.5 엠보,852,P0000BGU,낙엽송 합판 (엠보)<br>1220 x 2440mm,61.11,34000.0000000000
(1)300E낙엽18,◈낙엽송 1220*2440*18 엠보,852,P0000BGU,낙엽송 합판 (엠보)<br>1220 x 2440mm,62.86,51400.0000000000
(1)300OSB11내,◈OSB 4*8*11.1 (내장용/라인X),1565,P0000CIF,OSB 합판 (내장용)<br>11.1T x 1220 x 2440mm,49.09,13000.0000000000
(1)300OSB8내,◈OSB 4*8*8.0 (내장용/라인X),1565,P0000CIF,OSB 합판 (내장용)<br>11.1T x 1220 x 2440mm,51.43,10800.0000000000
(1)300내수1248수,◈내수 1220*2440*12 1급 (수입 KS),1018,P0000BNE,준내수합판 (국산 KS)<br>1220 x 2440mm,50.0,24800.0000000000
(1)300내수21236수,◈내수 910*1820*12 1급 (수입 KS),833,P0000BGB,"내수합판 (수입 KS)<br>910x1820mm, 1220x2440mm",47.65,15500.0000000000
(1)300백색27,◈백색합판 1220*2440*2.7 (코팅/단면),1015,P0000BNB,백색 코팅 합판(백색 포리톤)<br>1220 x 2440mm,57.14,20000.0000000000
(1)300오크27,◈오크합판 1220*2440*2.7 (시트/단면),936,P0000BKA,오동합판<br>1220 x 2440mm,62.86,18600.0000000000
(1)300준내수948,◈준내수 4*8*9 E0 친환경 국산,1018,P0000BNE,준내수합판 (국산 KS)<br>1220 x 2440mm,45.0,26000.0000000000
(1)300태고1248N,◈태고 1220*2440*12 (동남아산),1638,P0000CLA,일반 합판(수입산) 4*8<br>4.6T x 1220 x 2440mm 동남아산(알비자),67.5,33500.0000000000
(1)300태고21236,◈태고 910*1820*12,833,P0000BGB,"내수합판 (수입 KS)<br>910x1820mm, 1220x2440mm",65.45,14600.0000000000
(1)301MDF113고밀,◈MDF 1220*2440*2.7 R/S (고밀도),781,P0000BEB,MDF<br>1220 x 2440mm,64.71,4800.0000000000
(1)301MDF1245고밀,◈MDF 1220*2440*4.5 R/S (고밀도),781,P0000BEB,MDF<br>1220 x 2440mm,64.71,7800.0000000000
(1)301MDF136USB,◈MDF 1220*2440*6 USB,781,P0000BEB,MDF<br>1220 x 2440mm,70.97,7700.0000000000
(1)301MDF149USB,◈MDF 1220*2440*9 USB,781,P0000BEB,MDF<br>1220 x 2440mm,70.97,9600.0000000000
(1)301MDF1512USB,◈MDF 1220*2440*12 USB,781,P0000BEB,MDF<br>1220 x 2440mm,68.75,13000.0000000000
(1)301MDF1615USB,◈MDF 1220*2440*15 USB,781,P0000BEB,MDF<br>1220 x 2440mm,68.75,17400.0000000000
(1)301MDF1718USB,◈MDF 1220*2440*18 USB,781,P0000BEB,MDF<br>1220 x 2440mm,68.75,19700.0000000000
(1)301MDF1825UB,◈MDF 1220*2440*25 UB(중밀도),781,P0000BEB,MDF<br>1220 x 2440mm,64.71,45500.0000000000
(1)301MDF1930UB,◈MDF 1220*2440*30 UB(중밀도),781,P0000BEB,MDF<br>1220 x 2440mm,64.71,55000.0000000000
(1)301MDF206고밀,◈MDF★고밀도★ 1220*2440*6 (수입),1672,P0000CMI,MDF 고밀도<br>1220 x 2440mm,77.78,13500.0000000000
(1)301MDF209고밀,◈MDF★고밀도★ 1220*2440*9 (수입),1672,P0000CMI,MDF 고밀도<br>1220 x 2440mm,77.78,13500.0000000000
(1)301MDF2112고밀,◈MDF★고밀도★ 1220*2440*12 (수입),1672,P0000CMI,MDF 고밀도<br>1220 x 2440mm,75.68,18000.0000000000
(1)301MDF2215고밀,◈MDF★고밀도★ 1220*2440*15 (수입),1672,P0000CMI,MDF 고밀도<br>1220 x 2440mm,75.68,23500.0000000000
(1)301MDF2318고밀,◈MDF★고밀도★ 1220*2440*18 (수입),1672,P0000CMI,MDF 고밀도<br>1220 x 2440mm,75.68,26000.0000000000
(1)302고무12탑,◈집성(고무나무) 1220*2440*12 T/F,960,P0000BKY,고무나무 무늬목 합판<br>1220 x 2440mm,60.0,49200.0000000000
(1)302고무15탑,◈집성(고무나무) 1220*2440*15 T/F,960,P0000BKY,고무나무 무늬목 합판<br>1220 x 2440mm,60.0,56500.0000000000
(1)302고무18탑,◈집성(고무나무) 1220*2440*18 T/F,960,P0000BKY,고무나무 무늬목 합판<br>1220 x 2440mm,60.0,65000.0000000000
(1)302라디12탑,◈집성(라디에타) 1220*2440*12 T/F,1655,P0000CLR,라디에타파인 집성판 탑핑거<br>30T x 1220 x 2440mm,51.06,36500.0000000000
(1)302라디15탑,◈집성(라디에타) 1220*2440*15 T/F,1655,P0000CLR,라디에타파인 집성판 탑핑거<br>30T x 1220 x 2440mm,51.06,43400.0000000000
(1)302라디18탑,◈집성(라디에타) 1220*2440*18 T/F,1655,P0000CLR,라디에타파인 집성판 탑핑거<br>30T x 1220 x 2440mm,51.06,50900.0000000000
(1)302라디24탑,◈집성(라디에타) 1220*2440*24 T/F,1655,P0000CLR,라디에타파인 집성판 탑핑거<br>30T x 1220 x 2440mm,51.06,68400.0000000000
(1)302라디30탑,◈집성(라디에타) 1220*2440*30 T/F,1655,P0000CLR,라디에타파인 집성판 탑핑거<br>30T x 1220 x 2440mm,51.06,90000.0000000000
(1)302레드12솔,◈집성(레드파인) 1220*2440*12 솔리/유,1801,P0000CRH,레드파인 집성판<br>솔리드 30T x 1220 x 2440mm,52.17,57000.0000000000
(1)302레드15솔,◈집성(레드파인) 1220*2440*15 솔리/유,1801,P0000CRH,레드파인 집성판<br>솔리드 30T x 1220 x 2440mm,52.17,67500.0000000000
(1)302레드18솔,◈집성(레드파인) 1220*2440*18 솔리/유,1801,P0000CRH,레드파인 집성판<br>솔리드 30T x 1220 x 2440mm,52.17,75500.0000000000
(1)302레드60각,◈집성(레드파인)솔리드 각재 60*60*2440,1795,P0000CRB,레드파인 집성각재<br>솔리드 60 x 60 x 2440mm,68.18,18600.0000000000
(1)302멀바1238,◈집성(멀바우) 910*2440*12 S/F,1814,P0000CRU,미송합판(양면무절)<br>9T x 1220 x 2440mm,42.0,54100.0000000000
(1)302멀바1538,◈집성(멀바우) 910*2440*15 S/F,1814,P0000CRU,미송합판(양면무절)<br>9T x 1220 x 2440mm,42.0,62700.0000000000
(1)302멀바1838,◈집성(멀바우) 910*2440*18 S/F,1814,P0000CRU,미송합판(양면무절)<br>9T x 1220 x 2440mm,42.0,67700.0000000000
(1)302멀바1848,◈집성(멀바우) 1220*2440*18 S/F 사팔,1739,P0000COX,고무나무 집성판<br>싸이드핑거 30T x 1220 x 2440mm,48.0,91000.0000000000
(1)302멀바계단30300,◈집성계단재 30*300*3600 (멀바우) S/F,927,P0000BJR,월넛 계단재<br>30x300x3600,64.86,59100.0000000000
(1)302멀바계단38300,◈집성계단재 38*300*3600 (멀바우) S/F,1733,P0000COR,라왕<br>계단재 38 x 300 x 3600mm,61.54,75900.0000000000
(1)302미송계단38300,◈집성계단재 38*300*3600 (미송/라디) T/F,1733,P0000COR,라왕<br>계단재 38 x 300 x 3600mm,60.0,48300.0000000000
(1)302미송대봉9090,◈라디에타(미송) 대봉(大) 90*90*1200,1650,P0000CLM,라디에타파인 집성판 탑핑거<br>30T x 915 x 2300mm,45.45,19500.0000000000
(1)302미송반달4070,◈핸드레일(미송/라디에타) 반달◐ 40*70*12자,1284,P0000BXK,코팅 미송(라디에타파인/피누스)<br>40x70x3600<br>핸드레일,47.37,20000.0000000000
(1)302미송소봉4040,◈라디에타(미송) 소봉(小) 40*40*900,1287,P0000BXN,미송(라디에타파인)<br>40x70x3600<br>핸드레일,43.9,2900.0000000000
(1)302미송식빵6070,◈핸드레일(미송/라디에타) 식빵♣ 60*70*12자,1289,P0000BXP,미송(라디에타파인)<br>60x70x3600<br>핸드레일,44.44,29700.0000000000
(1)302삼목12솔,◈집성(삼목) 1220*2440*12 솔리드,1811,P0000CRR,멀바우 집성판<br>사이드핑거 30T x 1220 x 2440mm,51.43,35500.0000000000
(1)302삼목15솔,◈집성(삼목) 1220*2440*15 솔리드,1811,P0000CRR,멀바우 집성판<br>사이드핑거 30T x 1220 x 2440mm,51.43,44000.0000000000
(1)302삼목18솔,◈집성(삼목) 1220*2440*18 솔리드,1811,P0000CRR,멀바우 집성판<br>사이드핑거 30T x 1220 x 2440mm,51.43,50000.0000000000
(1)302쏘노30300,◈집성(쏘노클린) 30*300*12자 (코팅),920,P0000BJK,쏘노클린 지브라<br>30x300x3600mm<br>계단재,52.26,0.0000000000
(1)302아카15유,◈집성(아카시아) 1220*2440*15 유절 S/F,1772,P0000CQE,아카시아 집성판<br>사이드핑거 30T x 1220 x 2440mm (유절),54.9,43000.0000000000
(1)302아카18N무,◈집성(아카시아) 1220*2440*18★무절S/F,1776,P0000CQI,아카시아 집성판<br>사이드핑거 30T x 1220 x 2440mm (무절),54.9,68000.0000000000
(1)302아카18유,◈집성(아카시아) 1220*2440*18 유절 S/F,1772,P0000CQE,아카시아 집성판<br>사이드핑거 30T x 1220 x 2440mm (유절),54.9,50500.0000000000
(1)302에쉬1848,◈집성(에쉬) 1220*2440*18 S/F,1645,P0000CLH,자작합판<br>30T x 1220 x 2440mm (S/BB),54.0,120000.0000000000
(1)302오동12솔,◈집성(오동나무) 1000*2000*12 솔리드,1174,P0000BTE,오동나무 집성판<br>솔리드,45.16,40000.0000000000
(1)500다크브201328,◈합성목재 20*140*2400 (8자) 다크브라운,956,P0000BKU,탄화 애쉬(물푸레나무)집성판<br>사이드핑거 15T x 1200 x 2400mm,42.0,12800.0000000000
(1)500도장피스838,◈합성목재 도장직결피스(8*38) [500개] 다크브라운,1380,P0000CBC,"합성목재 난간, 기둥<br>다크브라운<br>방부목 대체품",40.0,47000.0000000000
(1)500미들클립20,◈합성목재 미들클립(20T) [100개] 블랙,1402,P0000CBY,WPC 합성목재 블럭사이딩 27Tx173x3000,43.9,26800.0000000000
(1)500스타트클립20,◈합성목재 스타트클립(20T) [50개] 블랙,1865,P0000CTT,테스트,60.0,10900.0000000000
(1)500아티론,◈합성목재 연결보조제(아티론) [100개],869,P0000BHL,적삼목 각재,40.0,12300.0000000000
(1)500클립피스820,◈합성목재 클립전용피스(8*20) [500개],842,P0000BGK,목공용 본드 205,45.0,19100.0000000000
(1)502백스페,◈백색 스페이스월(1220*2440)[쫄대포함],875,P0000BHR,스페이스 월<br>18T x 1220 x 2440mm,63.41,60000.0000000000
(1)503스카이비바,◈스카이비바 24K 50T*450*1000,1231,P0000BVJ,이소바 그라스울 (1봉지/24장)<br>24K 50x450x1000,67.5,2200.0000000000
(1)503차음시트기본,◈차음시트 2T 접착 1000*1000,1701,P0000CNL,차음시트 단면점착<br>2T 1000 x 1000mm,71.79,4800.0000000000
(1)503타공라메9,◈타공판/라인/메이플/방염 1184*2400*9T,1228,P0000BVG,라인 타공판<br>9T x 1184 x 2400<br>방염,51.16,48000.0000000000
(1)503타공원메9,◈타공판/원형/메이플/방염 1200*2400*9T,1227,P0000BVF,"단타공흡음패널, 원형 타공판<br>9T x 1200 x 2400<br>방염",49.5,44700.0000000000
(1)60010그라스울기본,◈(28장★벽산) 그라스울 24K50*450*1m,979,P0000BLR,KCC/벽산 그라스울 (1봉지/28장)<br>24K 50 x 450 x 1000,60.0,50900.0000000000
(1)60011아이소101호,◈아이소핑크 1호 10T 3*6,1593,P0000CJH,단열재 아이소핑크/압출법보온판 <br>100T x 900 x 1800mm,45.0,3100.0000000000
(1)60011이보드13도배,◈이보드 13T 900*2400 (도배용),1596,P0000CJK,단열재 이보드<br>13T x 900 x 2400mm (도배용),78.05,11000.0000000000
(1)60012아이소20특,◈아이소핑크 특호 20T 3*6,1593,P0000CJH,단열재 아이소핑크/압출법보온판 <br>100T x 900 x 1800mm,45.0,5900.0000000000
(1)60012이보드23도배,◈이보드 23T 900*2400 (도배용),1597,P0000CJL,단열재 이보드<br>23T x 900 x 2400mm (도배용),78.05,17300.0000000000
(1)60013아이소30특,◈아이소핑크 특호 30T 3*6,1593,P0000CJH,단열재 아이소핑크/압출법보온판 <br>100T x 900 x 1800mm,45.0,6900.0000000000
(1)60013이보드33도배,◈이보드 33T 900*2400 (도배용),1598,P0000CJM,단열재 이보드<br>33T x 900 x 2400mm (도배용),78.05,21200.0000000000
(1)60014아이소50특,◈아이소핑크 특호 50T 3*6,848,P0000BGQ,아이소핑크(단열재 접착제) 850g,51.85,11500.0000000000
(1)60015아이소100특,◈아이소핑크 특호 100T 3*6,848,P0000BGQ,아이소핑크(단열재 접착제) 850g,42.86,22500.0000000000
(1)6001열반사10양,◈열반사단열재 10T 양면/은/접착(25M),885,P0000BIB,단열재<br>열반사 단열재 (6T/10T),54.55,74500.0000000000
(1)6001열반사6양,◈열반사단열재 6T 양면/은/접착(50M),885,P0000BIB,단열재<br>열반사 단열재 (6T/10T),56.25,94500.0000000000
(1)6002열반사10양,◈열반사단열재 10T 양면/★동/접착(25M),885,P0000BIB,단열재<br>열반사 단열재 (6T/10T),54.55,78000.0000000000
(1)6002열반사6양,◈열반사단열재 6T 양면/★동/접착(50M),885,P0000BIB,단열재<br>열반사 단열재 (6T/10T),56.25,98800.0000000000
(1)600LXPF301800N,◈LX Z:IN PF보드 30T 1000*1800 [1면 준불연],1546,P0000CHM,프리미엄 단열재 PF보드<br>LX지인 30T x 1200 x 1800mm,49.12,15000.0000000000
(1)600LXPF501800N,◈LX Z:IN PF보드 50T 1000*1800 [1면 준불연],1547,P0000CHN,프리미엄 단열재 PF보드<br>LX지인 50T x 1200 x 1800mm,49.12,22000.0000000000
(1)600LXPF901800N,◈LX Z:IN PF보드 90T 1000*1800 [1면 준불연],1548,P0000CHO,프리미엄 단열재 PF보드<br>LX지인 90T x 1200 x 1800mm,49.12,39000.0000000000
(1)600이보드13페,◈이보드 13T 900*2400 (페인트용),1599,P0000CJN,단열재 이보드<br>13T x 900 x 2400mm (페인트용),79.07,12500.0000000000
(1)600이보드23페,◈이보드 23T 900*2400 (페인트용),1600,P0000CJO,단열재 이보드<br>23T x 900 x 2400mm (페인트용),79.07,18600.0000000000
(1)600이보드33페,◈이보드 33T 900*2400 (페인트용),1601,P0000CJP,단열재 이보드<br>33T x 900 x 2400mm (페인트용),79.07,22400.0000000000
(1)700168401걸레,◈영림168PS120 401걸레받이 (40*9),1828,P0000CSI,영림116(PS010) 걸레받이몰딩 40 x 9 (mm),71.43,2400.0000000000
(1)700AL앵글도장,◈AL 앵글 (백색도장) 1.0T 19*19*3000,1692,P0000CNC,브라운 애쉬 집성판<br>사이드핑거 30T x 915 x 2300mm,39.38,2250.0000000000
(1)700A합7351935,◈합판문 36*735*1935,933,P0000BJX,"합판문/문틀<BR>735,835,935",64.29,61000.0000000000
(1)700B합7352035,◈합판문 36*735*2035,933,P0000BJX,"합판문/문틀<BR>735,835,935",57.14,61000.0000000000
(1)700C합8352035,◈합판문 36*835*2035,933,P0000BJX,"합판문/문틀<BR>735,835,935",64.29,61000.0000000000
(1)700D합9352035,◈합판문 36*935*2035,933,P0000BJX,"합판문/문틀<BR>735,835,935",57.14,66500.0000000000
(1)700E합8002000무,◈합판문틀 110*800*2000/식기무X,1563,P0000CID,태고합판<br>12T x 910 x 1820mm,42.11,44400.0000000000
(1)700F합8002000유,◈합판문틀 110*800*2000/식기유O,1563,P0000CID,태고합판<br>12T x 910 x 1820mm,42.11,52300.0000000000
(1)700G합8002100무,◈합판문틀 110*800*2100/식기무X,1563,P0000CID,태고합판<br>12T x 910 x 1820mm,42.11,44400.0000000000
(1)700H합9002100무,◈합판문틀 110*900*2100/식기무X,1589,P0000CJD,단열재 아이소핑크/압출법보온판 <br>10T x 900 x 1800mm,46.29,44400.0000000000
(1)700I합9002100유,◈합판문틀 110*900*2100/식기유O,1589,P0000CJD,단열재 아이소핑크/압출법보온판 <br>10T x 900 x 1800mm,46.29,52300.0000000000
(1)700J합1102100다,◈합판문틀 라왕 40*110*2100 다대,1618,P0000CKG,라왕 각재<br>10 x 40 x 2100mm 후지,43.24,15300.0000000000
(1)700K합100800요,◈합판문틀 라왕 40*110*800 요꼬,1231,P0000BVJ,이소바 그라스울 (1봉지/24장)<br>24K 50x450x1000,45.0,0.0000000000
(1)700L합110900요,◈합판문틀 라왕 40*110*900 요꼬,1231,P0000BVJ,이소바 그라스울 (1봉지/24장)<br>24K 50x450x1000,45.0,0.0000000000
(1)700P마이너메지95,◈PVC 마이너스 메지 9.5T(SS-1601) 10자,1401,P0000CBX,PVC 점검구,60.0,2500.0000000000
(1)700메지도장95,◈메지몰딩 백색도장/T형 9.5T 1P용 * 10자,987,P0000BLZ,반코팅 장갑 (1타/10개),33.75,3300.0000000000
(1)700영1162계단,◈영림116 2계단 소 (50*12) [중백색],1398,P0000CBU,검정색 몰딩<br>평몰딩 40~100mm<br>영림162,42.86,3200.0000000000
(1)700영116301걸레,◈영림116 301걸레받이 (30*9),1825,P0000CSF,영림116(PS010) 걸레받이몰딩 30 x 9 (mm),75.68,2200.0000000000
(1)700영116601걸레,◈영림116 601걸레받이 (60*9) [중백색],1829,P0000CSJ,영림116(PS010) 걸레받이몰딩 60 x 9 (mm),70.0,3100.0000000000
(1)700영11680020001,◈영림116 분리형 110*800*2000/식기유,1345,P0000BZT,영림<br>더도어 TA-11,48.0,81300.0000000000
(1)700영11680020002,◈영림116 분리형 110*800*2000/식기무,1345,P0000BZT,영림<br>더도어 TA-11,48.0,69000.0000000000
(1)700영11690021001,◈영림116 분리형 110*900*2100/식기유,1345,P0000BZT,영림<br>더도어 TA-11,48.0,81300.0000000000
(1)700영11690021002,◈영림116 분리형 110*900*2100/식기무,1345,P0000BZT,영림<br>더도어 TA-11,48.0,69000.0000000000
(1)700영116901걸레,◈영림116 901걸레받이 (90*9) [중백색],1830,P0000CSK,영림116(PS010) 걸레받이몰딩 90 x 9 (mm),70.0,3800.0000000000
(1)700영116P마이너,◈영림116 ★PVC★마이너스 (25*12) [중백색],1832,P0000CSM,영림 PVC 마이너스몰딩 25 x 12 (mm),70.27,3600.0000000000
(1)700영116마이너,◈영림116 마이너스몰딩 (25*15) [중백색],1823,P0000CSD,영림116(PS010) 마이너스몰딩 25 x 15 (mm),73.17,2600.0000000000
(1)700영116문선,◈영림116 문선 (58*15) [중백색],1830,P0000CSK,영림116(PS010) 걸레받이몰딩 90 x 9 (mm),47.37,4200.0000000000
(1)700영116시트,◈영림116 인테리어필름(M),1854,P0000CTI,영림 인테리어필름 영림175ㅣPX449ㅣ발렌블랑(M),72.0,8300.0000000000
(1)700영116엣지,◈영림116 엣지필름(25M),1830,P0000CSK,영림116(PS010) 걸레받이몰딩 90 x 9 (mm),52.94,5200.0000000000
(1)700영116천정1,◈영림116 천정1번 (80*12) [중백색],1827,P0000CSH,영림116(PS010) 평판몰딩 80 x 9 (mm),44.44,4300.0000000000
(1)700영116천정2,◈영림116 천정2번 (70*12) [중백색],1398,P0000CBU,검정색 몰딩<br>평몰딩 40~100mm<br>영림162,42.86,3800.0000000000
(1)700영116천정3,◈영림116 천정3번 (55*12) [중백색],1398,P0000CBU,검정색 몰딩<br>평몰딩 40~100mm<br>영림162,42.86,3300.0000000000
(1)700영116코너중,◈영림116 코너기둥65 (65*12) 중,1398,P0000CBU,검정색 몰딩<br>평몰딩 40~100mm<br>영림162,42.86,10500.0000000000
(1)700영116평100,◈영림116 평100 (100*9) [중백색],1827,P0000CSH,영림116(PS010) 평판몰딩 80 x 9 (mm),55.56,4100.0000000000
(1)700영116평120,◈영림116 평120 (120*9) [중백색],1827,P0000CSH,영림116(PS010) 평판몰딩 80 x 9 (mm),50.0,4800.0000000000
(1)700영116평160,◈영림116 평160 (160*9) [중백색],1826,P0000CSG,영림116(PS010) 평판몰딩 60 x 9 (mm),55.56,6100.0000000000
(1)700영116평200,◈영림116 평200 (200*9) [중백색],1827,P0000CSH,영림116(PS010) 평판몰딩 80 x 9 (mm),50.0,7000.0000000000
(1)700영116평250,◈영림116 평250 (250*9) [중백색],1827,P0000CSH,영림116(PS010) 평판몰딩 80 x 9 (mm),44.44,9000.0000000000
(1)700영116평30,◈영림116 평30 (30*9) [중백색],1824,P0000CSE,영림116(PS010) 평판몰딩 30 x 9 (mm),52.94,2100.0000000000
(1)700영116평300,◈영림116 평300 (300*9) [중백색],1824,P0000CSE,영림116(PS010) 평판몰딩 30 x 9 (mm),55.56,10600.0000000000
(1)700영116평40,◈영림116 평40 (40*9) [중백색],1822,P0000CSC,영림116(PS010) 평판몰딩 40 x 9 (mm),52.94,2400.0000000000
(1)700영116평60,◈영림116 평60 (60*9) [중백색],1826,P0000CSG,영림116(PS010) 평판몰딩 60 x 9 (mm),52.94,2800.0000000000
(1)700영116평80,◈영림116 평80 (80*9) [중백색],1827,P0000CSH,영림116(PS010) 평판몰딩 80 x 9 (mm),52.94,3400.0000000000
(1)700영116평문선,◈영림116 평문선 (60*12) [중백색],1823,P0000CSD,영림116(PS010) 마이너스몰딩 25 x 15 (mm),52.5,3400.0000000000
(1)700영161시트,◈영림161 인테리어필름(M),1854,P0000CTI,영림 인테리어필름 영림175ㅣPX449ㅣ발렌블랑(M),72.0,6600.0000000000
(1)700영168301걸레,◈영림168PS120 301걸레받이 (30*9),1825,P0000CSF,영림116(PS010) 걸레받이몰딩 30 x 9 (mm),71.43,2200.0000000000
(1)700영16890021002,◈영림168PS120 분리형 110*900*2100/식기무,1350,P0000BZY,영림<br>더도어 TA-16,48.0,69000.0000000000
(1)700영168마이너,◈영림168PS120 마이너스몰딩 (25*15),1823,P0000CSD,영림116(PS010) 마이너스몰딩 25 x 15 (mm),83.72,2600.0000000000
(1)700영168엣지,◈영림168PS120 엣지필름(25M),1823,P0000CSD,영림116(PS010) 마이너스몰딩 25 x 15 (mm),55.0,5200.0000000000
(1)700영168평30,◈영림168PS120 평30 (30*9),1824,P0000CSE,영림116(PS010) 평판몰딩 30 x 9 (mm),66.67,2100.0000000000
(1)700영168평40,◈영림168PS120 평40 (40*9),1822,P0000CSC,영림116(PS010) 평판몰딩 40 x 9 (mm),66.67,2400.0000000000
(1)700영168평60,◈영림168PS120 평60 (60*9),1826,P0000CSG,영림116(PS010) 평판몰딩 60 x 9 (mm),66.67,2800.0000000000
(1)700영169301걸레,◈영림169PS130 301걸레받이 (30*9),1825,P0000CSF,영림116(PS010) 걸레받이몰딩 30 x 9 (mm),71.43,2200.0000000000
(1)700영169401걸레,◈영림169PS130 401걸레받이 (40*9),1828,P0000CSI,영림116(PS010) 걸레받이몰딩 40 x 9 (mm),71.43,2400.0000000000
(1)700영16990021002,◈영림169PS130 분리형 110*900*2100/식기무,1350,P0000BZY,영림<br>더도어 TA-16,48.0,69000.0000000000
(1)700영169마이너,◈영림169PS130 마이너스몰딩 (25*15),1823,P0000CSD,영림116(PS010) 마이너스몰딩 25 x 15 (mm),83.72,2600.0000000000
(1)700영169엣지,◈영림169PS130 엣지필름(25M),1823,P0000CSD,영림116(PS010) 마이너스몰딩 25 x 15 (mm),55.0,5200.0000000000
(1)700영169평30,◈영림169PS130 평30 (30*9),1824,P0000CSE,영림116(PS010) 평판몰딩 30 x 9 (mm),66.67,2100.0000000000
(1)700영169평40,◈영림169PS130 평40 (40*9),1822,P0000CSC,영림116(PS010) 평판몰딩 40 x 9 (mm),66.67,2400.0000000000
(1)700영169평60,◈영림169PS130 평60 (60*9),1826,P0000CSG,영림116(PS010) 평판몰딩 60 x 9 (mm),66.67,2800.0000000000
(1)700영194301걸레,◈영림194PS160 301걸레받이 (30*9),1825,P0000CSF,영림116(PS010) 걸레받이몰딩 30 x 9 (mm),66.67,2200.0000000000
(1)700영194401걸레,◈영림194PS160 401걸레받이 (40*9),1828,P0000CSI,영림116(PS010) 걸레받이몰딩 40 x 9 (mm),66.67,2400.0000000000
(1)700영194마이너스,◈영림194PS160 마이너스몰딩 (25*15),1823,P0000CSD,영림116(PS010) 마이너스몰딩 25 x 15 (mm),79.07,2600.0000000000
(1)700영194평30,◈영림194PS160 평30 (30*9),1824,P0000CSE,영림116(PS010) 평판몰딩 30 x 9 (mm),61.11,2100.0000000000
(1)700영194평40,◈영림194PS160 평40 (40*9),1822,P0000CSC,영림116(PS010) 평판몰딩 40 x 9 (mm),61.11,2400.0000000000
(1)700영194평60,◈영림194PS160 평60 (60*9),1826,P0000CSG,영림116(PS010) 평판몰딩 60 x 9 (mm),61.11,2800.0000000000
(1)700영195301걸레,◈영림195PS170 301걸레받이 (30*9),1825,P0000CSF,영림116(PS010) 걸레받이몰딩 30 x 9 (mm),66.67,2200.0000000000
(1)700영195401걸레,◈영림195PS170 401걸레받이 (40*9),1828,P0000CSI,영림116(PS010) 걸레받이몰딩 40 x 9 (mm),66.67,2400.0000000000
(1)700영195엣지,◈영림195PS170 엣지필름 (25M),1823,P0000CSD,영림116(PS010) 마이너스몰딩 25 x 15 (mm),50.0,0.0000000000
(1)700영2580020001,◈영림25 분리형 110*800*2000/식기유,1346,P0000BZU,영림<br>더도어 TA-12,38.57,81300.0000000000
(1)700영2580020002,◈영림25 분리형 110*800*2000/식기무,1346,P0000BZU,영림<br>더도어 TA-12,38.57,69000.0000000000
(1)700영2590021001,◈영림25 분리형 110*900*2100/식기유,1592,P0000CJG,단열재 아이소핑크/압출법보온판 <br>50T x 900 x 1800mm,42.35,81300.0000000000
(1)700영2590021002,◈영림25 분리형 110*900*2100/식기무,1592,P0000CJG,단열재 아이소핑크/압출법보온판 <br>50T x 900 x 1800mm,42.35,69000.0000000000
(1)700영25코너대,◈영림25 코너기둥100 (100*12) 대,1622,P0000CKK,KCC 차음 석고보드<BR>12.5 x 900 x 1800mm (1236),47.65,13100.0000000000
(1)700영25코너소,◈영림25 코너기둥40 (40*9) 소,1238,P0000BVQ,"인디언오크 몰딩<br>평판문선,천장,걸레받이<br>영림40",40.0,7300.0000000000
(1)700영2780020001,◈영림27 분리형 110*800*2000/식기유,1346,P0000BZU,영림<br>더도어 TA-12,38.57,81300.0000000000
(1)700영2780020002,◈영림27 분리형 110*800*2000/식기무,1346,P0000BZU,영림<br>더도어 TA-12,38.57,69000.0000000000
(1)700영2790021001,◈영림27 분리형 110*900*2100/식기유,1590,P0000CJE,단열재 아이소핑크/압출법보온판 <br>20T x 900 x 1800mm,42.35,81300.0000000000
(1)700영3480020002,◈영림34 분리형 110*800*2000/식기무,1347,P0000BZV,영림<br>더도어 TA-13,38.57,69000.0000000000
(1)700영402계단,◈영림40 2계단 소 (50*12) [인디언오크],1336,P0000BZK,영림<br>더도어 TA-02,45.0,3200.0000000000
(1)700영403계단,◈영림40 3계단 (48*15) [인디언오크],1238,P0000BVQ,"인디언오크 몰딩<br>평판문선,천장,걸레받이<br>영림40",42.86,3500.0000000000
(1)700영4080020001,◈영림40 분리형 110*800*2000/식기유,1348,P0000BZW,영림<br>더도어 TA-14,38.57,81300.0000000000
(1)700영4080020002,◈영림40 분리형 110*800*2000/식기무,1348,P0000BZW,영림<br>더도어 TA-14,38.57,69000.0000000000
(1)700영4090021001,◈영림40 분리형 110*900*2100/식기유,1593,P0000CJH,단열재 아이소핑크/압출법보온판 <br>100T x 900 x 1800mm,42.35,81300.0000000000
(1)700영4090021002,◈영림40 분리형 110*900*2100/식기무,1593,P0000CJH,단열재 아이소핑크/압출법보온판 <br>100T x 900 x 1800mm,42.35,69000.0000000000
(1)700영40901걸레,◈영림40 901걸레받이 (90*9) [인디언오크],1830,P0000CSK,영림116(PS010) 걸레받이몰딩 90 x 9 (mm),53.66,3800.0000000000
(1)700영40마이너,◈영림40 마이너스몰딩 (25*15) [인디언오크],1823,P0000CSD,영림116(PS010) 마이너스몰딩 25 x 15 (mm),61.9,2600.0000000000
(1)700영40문선,◈영림40 문선 (58*15) [인디언오크],1238,P0000BVQ,"인디언오크 몰딩<br>평판문선,천장,걸레받이<br>영림40",45.0,4200.0000000000
(1)700영40엣지,◈영림40 엣지필름(25M),1238,P0000BVQ,"인디언오크 몰딩<br>평판문선,천장,걸레받이<br>영림40",48.0,5200.0000000000
(1)700영40천정1,◈영림40 천정1번 (80*12) [인디언오크],1335,P0000BZJ,영림<br>더도어 TA-01,40.0,4300.0000000000
(1)700영40천정2,◈영림40 천정2번 (70*12) [인디언오크],1336,P0000BZK,영림<br>더도어 TA-02,40.0,3800.0000000000
(1)700영40천정3,◈영림40 천정3번 (55*12) [인디언오크],1337,P0000BZL,영림<br>더도어 TA-03,40.0,3300.0000000000
(1)700영40코너30,◈영림40 코너기둥30 (30*9) 미니,1824,P0000CSE,영림116(PS010) 평판몰딩 30 x 9 (mm),40.0,6700.0000000000
(1)700영40코너대,◈영림40 코너기둥100 (100*12) 대,1231,P0000BVJ,이소바 그라스울 (1봉지/24장)<br>24K 50x450x1000,43.2,13100.0000000000
(1)700영40코너소,◈영림40 코너기둥40 (40*9) 소,1822,P0000CSC,영림116(PS010) 평판몰딩 40 x 9 (mm),41.18,7300.0000000000
(1)700영40코너중,◈영림40 코너기둥65 (65*12) 중,1238,P0000BVQ,"인디언오크 몰딩<br>평판문선,천장,걸레받이<br>영림40",37.89,10500.0000000000
(1)700영40평100,◈영림40 평100 (100*9) [인디언오크],1827,P0000CSH,영림116(PS010) 평판몰딩 80 x 9 (mm),43.24,4100.0000000000
(1)700영40평120,◈영림40 평120 (120*9) [인디언오크],1335,P0000BZJ,영림<br>더도어 TA-01,42.35,4800.0000000000
(1)700영40평160,◈영림40 평160 (160*9) [인디언오크],1826,P0000CSG,영림116(PS010) 평판몰딩 60 x 9 (mm),48.65,6100.0000000000
(1)700영40평200,◈영림40 평200 (200*9) [인디언오크],1336,P0000BZK,영림<br>더도어 TA-02,42.35,7000.0000000000
(1)700영40평250,◈영림40 평250 (250*9) [인디언오크],1336,P0000BZK,영림<br>더도어 TA-02,42.35,9000.0000000000
(1)700영40평30,◈영림40 평30 (30*9) [인디언오크],1238,P0000BVQ,"인디언오크 몰딩<br>평판문선,천장,걸레받이<br>영림40",45.0,2100.0000000000
(1)700영40평300,◈영림40 평300 (300*9) [인디언오크],1337,P0000BZL,영림<br>더도어 TA-03,42.35,10600.0000000000
(1)700영40평40,◈영림40 평40 (40*9) [인디언오크],1238,P0000BVQ,"인디언오크 몰딩<br>평판문선,천장,걸레받이<br>영림40",45.0,2400.0000000000
(1)700영40평60,◈영림40 평60 (60*9) [인디언오크],1238,P0000BVQ,"인디언오크 몰딩<br>평판문선,천장,걸레받이<br>영림40",45.0,2800.0000000000
(1)700영40평80,◈영림40 평80 (80*9) [인디언오크],1238,P0000BVQ,"인디언오크 몰딩<br>평판문선,천장,걸레받이<br>영림40",45.0,3400.0000000000
(1)700영40필름M,◈영림40 인테리어필름(M),1854,P0000CTI,영림 인테리어필름 영림175ㅣPX449ㅣ발렌블랑(M),75.79,8300.0000000000
(1)700영5080020001,◈영림50 분리형 110*800*2000/식기유,979,P0000BLR,KCC/벽산 그라스울 (1봉지/28장)<br>24K 50 x 450 x 1000,40.0,81300.0000000000
(1)700영5080020002,◈영림50 분리형 110*800*2000/식기무,979,P0000BLR,KCC/벽산 그라스울 (1봉지/28장)<br>24K 50 x 450 x 1000,40.0,69000.0000000000
(1)700영5090021001,◈영림50 분리형 110*900*2100/식기유,1593,P0000CJH,단열재 아이소핑크/압출법보온판 <br>100T x 900 x 1800mm,42.35,81300.0000000000
(1)700영5090021002,◈영림50 분리형 110*900*2100/식기무,1593,P0000CJH,단열재 아이소핑크/압출법보온판 <br>100T x 900 x 1800mm,42.35,69000.0000000000
(1)700영50엣지,◈영림50 엣지필름(25M),1233,P0000BVL,"펄백색 몰딩<br>평판,문선,천장,걸레받이<br>영림50",48.0,5200.0000000000
(1)700영5380020001,◈영림53-1 분리형 110*800*2000/식기유,1827,P0000CSH,영림116(PS010) 평판몰딩 80 x 9 (mm),39.02,81300.0000000000
(1)700영5380020002,◈영림53-1 분리형 110*800*2000/식기무,1827,P0000CSH,영림116(PS010) 평판몰딩 80 x 9 (mm),39.02,69000.0000000000
(1)700영5390021001,◈영림53-1 분리형 110*900*2100/식기유,978,P0000BLQ,플로베니아 백색 900*1800,45.0,81300.0000000000
(1)700영5390021002,◈영림53-1 분리형 110*900*2100/식기무,978,P0000BLQ,플로베니아 백색 900*1800,45.0,69000.0000000000
(1)700영53시트,◈영림53-1 인테리어필름(M),1854,P0000CTI,영림 인테리어필름 영림175ㅣPX449ㅣ발렌블랑(M),72.0,8300.0000000000
(1)700영53엣지,◈영림53-1 엣지필름(25M),1237,P0000BVP,"소프트오크 몰딩<br>평판문선,천장,걸레받이<br>영림53-1",52.94,5200.0000000000
(1)700영PS170평40,◈영림195PS170 평40 (40*9),1822,P0000CSC,영림116(PS010) 평판몰딩 40 x 9 (mm),61.11,2300.0000000000
(1)700영P백2계단대,◈영림 PVC 백색2계단 (50*15) (大),1843,P0000CSX,예림 PVC 마이너스몰딩 25 x 15 (mm),50.0,3000.0000000000
(1)700영P백2계단소,◈영림 PVC 백색2계단 (35*15) (小),1843,P0000CSX,예림 PVC 마이너스몰딩 25 x 15 (mm),50.0,2500.0000000000
(1)700영더1167331935,◈영림116 더도어 ABS TA-04 733*1935,1341,P0000BZP,영림<br>더도어 TA-07,57.27,87700.0000000000
(1)700영더1167331960,◈영림116 더도어 ABS TA-04 733*1960,1341,P0000BZP,영림<br>더도어 TA-07,57.27,87700.0000000000
(1)700영더1167332060,◈영림116 더도어 ABS TA-04 733*2060,1341,P0000BZP,영림<br>더도어 TA-07,57.27,87700.0000000000
(1)700영더1168332035,◈영림116 더도어 ABS TA-04 833*2035,1342,P0000BZQ,영림<br>더도어 TA-08,57.27,87700.0000000000
(1)700영더1168332060,◈영림116 더도어 ABS TA-04 833*2060,1342,P0000BZQ,영림<br>더도어 TA-08,57.27,87700.0000000000
(1)700영더1688332060,◈영림168PS120 더도어 ABS TA-04 833*2060,1342,P0000BZQ,영림<br>더도어 TA-08,57.27,87700.0000000000
(1)700영더1698332060,◈영림169PS130 더도어 ABS TA-04 833*2060,1342,P0000BZQ,영림<br>더도어 TA-08,57.27,87700.0000000000
(1)700영더257331935,◈영림25 더도어 ABS TA-04 733*1935,1341,P0000BZP,영림<br>더도어 TA-07,57.27,87700.0000000000
(1)700영더258332035,◈영림25 더도어 ABS TA-04 833*2035,1342,P0000BZQ,영림<br>더도어 TA-08,57.27,87700.0000000000
(1)700영더277331935,◈영림27 더도어 ABS TA-04 733*1935,1341,P0000BZP,영림<br>더도어 TA-07,57.27,87700.0000000000
(1)700영더278332060,◈영림27 더도어 ABS TA-04 833*2060,1342,P0000BZQ,영림<br>더도어 TA-08,57.27,87700.0000000000
(1)700영더347331935,◈영림34 더도어 ABS TA-04 733*1935,1341,P0000BZP,영림<br>더도어 TA-07,57.27,87700.0000000000
(1)700영더348332035,◈영림34 더도어 ABS TA-04 833*2035,1342,P0000BZQ,영림<br>더도어 TA-08,57.27,87700.0000000000
(1)700영더407331935,◈영림40 더도어 ABS TA-04 733*1935,1341,P0000BZP,영림<br>더도어 TA-07,57.27,87700.0000000000
(1)700영더408332035,◈영림40 더도어 ABS TA-04 833*2035,1342,P0000BZQ,영림<br>더도어 TA-08,57.27,87700.0000000000
(1)700영더408332060,◈영림40 더도어 ABS TA-04 833*2060,1342,P0000BZQ,영림<br>더도어 TA-08,57.27,87700.0000000000
(1)700영더537331935,◈영림53 더도어 ABS TA-04 733*1935,1341,P0000BZP,영림<br>더도어 TA-07,57.27,87700.0000000000
(1)700영더537331960,◈영림53 더도어 ABS TA-04 733*1960,1341,P0000BZP,영림<br>더도어 TA-07,57.27,87700.0000000000
(1)700영더538332035,◈영림53 더도어 ABS TA-04 833*2035,1342,P0000BZQ,영림<br>더도어 TA-08,57.27,87700.0000000000
(1)700영더538332060,◈영림53-1 더도어 ABS TA-04 833*2060,1342,P0000BZQ,영림<br>더도어 TA-08,57.27,87700.0000000000
(1)700영렉스31208,◈영림 렉스판 8자312 (유광백색) 2400,1370,P0000CAS,렉스판<br>리빙보드,38.57,9100.0000000000
(1)700영렉스31210,◈영림 렉스판 10자312 (유광백색) 3000,1344,P0000BZS,영림<br>더도어 TA-10,40.0,11400.0000000000
(1)700영렉스31212,◈영림 렉스판 12자312 (유광백색) 3600,1346,P0000BZU,영림<br>더도어 TA-12,40.0,13600.0000000000
(1)700영림P마이너,◈영림 PVC 마이너스25 (25*12),1832,P0000CSM,영림 PVC 마이너스몰딩 25 x 12 (mm),78.79,2500.0000000000
(1)700예HP52130걸레,◈예림HP521 30걸레받이 (30*9),1825,P0000CSF,영림116(PS010) 걸레받이몰딩 30 x 9 (mm),57.89,2600.0000000000
(1)700예HP52140걸레,◈예림HP521 40걸레받이 (40*9),1828,P0000CSI,영림116(PS010) 걸레받이몰딩 40 x 9 (mm),57.89,2900.0000000000
(1)700예HP52230걸레,◈예림HP522 30걸레받이 (30*9),1837,P0000CSR,예림CL01(HS801) 걸레받이몰딩 30 x 9 (mm),56.41,2600.0000000000
(1)700예HP52240걸레,◈예림HP522 40걸레받이 (40*9),1838,P0000CSS,예림CL01(HS801) 걸레받이몰딩 40 x 9 (mm),56.41,2900.0000000000
(1)80011실리1투명,◈실리콘 투명○,964,P0000BLC,실리콘 마감용 헤라,67.5,2300.0000000000
(1)80011이지경실,◈이지경첩 실버 VN ★ [1조],912,P0000BJC,"AFH-4350 이지경첩<br>실버,골드,화이트,블랙",54.0,3300.0000000000
(1)80011일반경실,◈일반경첩 실버 VN [1조],1332,P0000BZG,"일반경첩<br>실버,골드,블랙",54.55,5000.0000000000
(1)80011타카422J,◈422J (목공용 ㄷ자 타카핀),899,P0000BIP,"J단위<BR>타카핀(416,149,422,1022)",37.89,3600.0000000000
(1)80012실리반투명,◈실리콘 반투명◑,861,P0000BHD,실리콘 건,77.14,2300.0000000000
(1)80012이지경골,◈이지경첩 골드 SB [1조],912,P0000BJC,"AFH-4350 이지경첩<br>실버,골드,화이트,블랙",54.0,5000.0000000000
(1)80012일반경골,◈일반경첩 골드 [1조],1332,P0000BZG,"일반경첩<br>실버,골드,블랙",60.0,5000.0000000000
(1)80013실리백색,◈실리콘 백색,964,P0000BLC,실리콘 마감용 헤라,67.5,2000.0000000000
(1)80013이지경블,◈이지경첩 블랙 BK [1조],912,P0000BJC,"AFH-4350 이지경첩<br>실버,골드,화이트,블랙",45.0,5000.0000000000
(1)80013일반경블,◈일반경첩 블랙 [1조],1332,P0000BZG,"일반경첩<br>실버,골드,블랙",60.0,5000.0000000000
(1)80013총422,◈제일타카 422 ☞(타카총)☞,902,P0000BIS,제일타카 1850A<br>타카총/에어타카,51.43,61800.0000000000
(1)80014영림이지실버,◈[영림] 이지경첩 실버 ★ [1조],912,P0000BJC,"AFH-4350 이지경첩<br>실버,골드,화이트,블랙",54.0,4900.0000000000
(1)80014영림일반실버,◈[영림] 일반경첩 실버 [1조],1332,P0000BZG,"일반경첩<br>실버,골드,블랙",54.55,7600.0000000000
(1)80014이지경백,◈이지경첩 백색 WT [1조],1536,P0000CHC,텐텐지 백색<br>1800x길이 85M,40.0,5000.0000000000
(1)80014피스톤422,◈피스톤 - 422,1810,P0000CRQ,멀바우 집성판<br>사이드핑거 24T x 1220 x 2440mm,45.0,5000.0000000000
(1)800CAP44흑,◈CAP44 흑색(캡90각),1665,P0000CMB,"방부목 각재<br>4” X 4” (90mm X 90mm / 포포,90각)",38.57,0.0000000000
(1)800가위,◈다목적 가위,967,P0000BLF,목다보,45.0,6800.0000000000
(1)800고체연료,◈고체연료 17L (12KG) [에탄올 100% / 연소 12시간],1563,P0000CID,태고합판<br>12T x 910 x 1820mm,32.56,19000.0000000000
(1)800골판지,◈골판지(종이/보양재) 40M*1100,1864,P0000CTS,골판지 종이 보양지 (40m/1롤),78.57,20000.0000000000
(1)800뎀핑레일실,◈실버 뎀핑슬라이딩레일(벽체커버용),861,P0000BHD,실리콘 건,36.0,44500.0000000000
(1)800레일2,◈반자동 슬라이딩레일 (2M),1210,P0000BUO,슬림도어<br>유니크 슬림 슬라이딩<br>오로라,36.0,20000.0000000000
(1)800레일3,◈반자동 슬라이딩레일 (3M !!!),1837,P0000CSR,예림CL01(HS801) 걸레받이몰딩 30 x 9 (mm),36.0,30000.0000000000
(1)800로라미4,◈미니로라 4인치,1247,P0000BVZ,라치(낙엽송)<br>21x95x3000<br>데크재,40.0,1600.0000000000
(1)800마대80,◈[50장 묶음] 마대 80KG (中) [일반],1400,P0000CBW,"행거레일<br>댐퍼형(30kg,50kg,80kg)",51.43,13500.0000000000
(1)800마대90,◈[50장 묶음] 마대 90KG (大)★[대형],1400,P0000CBW,"행거레일<br>댐퍼형(30kg,50kg,80kg)",42.86,18000.0000000000
(1)800마대PP,◈[50장 묶음] PP 마대 [고급],1454,P0000CDY,YH-005M 마디<br>고급형 모티스락<br>헤펠레,32.73,20000.0000000000
(1)800매거양321,◈매거진피스/양날(3*21) 2000PS ★코팅,1359,P0000CAH,NBR코팅 장갑,40.0,23300.0000000000
(1)800매거양625,◈매거진피스/양날(6*25) 2000PS,1173,P0000BTD,test,36.0,22500.0000000000
(1)800매거양632,◈매거진피스/양날(6*32) 1000PS,1402,P0000CBY,WPC 합성목재 블럭사이딩 27Tx173x3000,36.0,12700.0000000000
(1)800매거양638,◈매거진피스/양날(6*38) 1000PS,1402,P0000CBY,WPC 합성목재 블럭사이딩 27Tx173x3000,36.0,15500.0000000000
(1)800매거외321,◈매거진피스/외날(3*21) 2000PS ★코팅,1359,P0000CAH,NBR코팅 장갑,40.0,23300.0000000000
(1)800매거외625,◈매거진피스/외날(6*25) 2000PS,1173,P0000BTD,test,36.0,17800.0000000000
(1)800매거외625코,◈매거진피스/외날(6*25) 2000PS ★코팅,1359,P0000CAH,NBR코팅 장갑,40.0,23300.0000000000
(1)800매거외632,◈매거진피스/외날(6*32) 1000PS,1402,P0000CBY,WPC 합성목재 블럭사이딩 27Tx173x3000,36.0,10500.0000000000
(1)800매거외638,◈매거진피스/외날(6*38) 1000PS,1402,P0000CBY,WPC 합성목재 블럭사이딩 27Tx173x3000,36.0,14000.0000000000
(1)800비닐대,◈비닐 0.1*1800*40M (두꺼움),1703,P0000CNN,차음시트 단면점착<br>4T 1000 x 1000mm,49.09,25000.0000000000
(1)800비닐소,◈비닐 0.05*1800*45M (얇음),1593,P0000CJH,단열재 아이소핑크/압출법보온판 <br>100T x 900 x 1800mm,54.78,13600.0000000000
(1)800빗자루,◈ 빗자루,1604,P0000CJS,자작합판<br>9T x 1220 x 2440mm (S/BB),45.0,4500.0000000000
(1)800빠찌링기본,◈자석 빠찌링,1162,P0000BSS,불연 마그네슘<br>디자인 대리석보드<br>580*800,36.0,800.0000000000
(1)800빠찌링백색,◈자석 빠찌링 백색(더블),1425,P0000CCV,렉스판 프로파일<br>H조이너<br>PVC 백색,32.73,1300.0000000000
(1)800빠찌링스텐,◈자석도어캐치(자석 빠찌링) 스텐(소),914,P0000BJE,스텐 접시 양날피스,32.73,1400.0000000000
(1)800사륜로라,◈행가용 (사륜 로라),1210,P0000BUO,슬림도어<br>유니크 슬림 슬라이딩<br>오로라,40.0,20700.0000000000
(1)800사포120,◈사포 (폐파) 120방,1224,P0000BVC,연동도어<br>미닫이형 노아<br>YT-120X | YT-120Y,45.0,1000.0000000000
(1)800사포220,◈사포 (폐파) 220방,1110,P0000BQS,플렉스톤<br>스톤 슬레이트 보드<br>1.5~2T x 610 x 1220,49.09,1000.0000000000
(1)800사포320,◈사포 (폐파) 320방,1362,P0000CAK,우주<br>키즈도어 YK-020,36.0,1000.0000000000
(1)800사포A원형,◈원형사포 (해바라기 폐파),1166,P0000BSW,아트보드(원형/라인타공)<br>9T x 600 x 1200<br>낱장포장,31.76,1500.0000000000
(1)800서랍레일300,◈철레일300(서랍레일) 3단 고급★,1289,P0000BXP,미송(라디에타파인)<br>60x70x3600<br>핸드레일,37.5,4000.0000000000
(1)800서랍레일350,◈철레일350(서랍레일) 3단 고급★,983,P0000BLV,3단 고급 서랍레일<br>피스포함,35.71,4500.0000000000
(1)800서랍레일400,◈철레일400(서랍레일) 3단 고급★,1279,P0000BXF,오크 핸드레일<br>40x70x3600 반달<br>60x70x3600 식빵,38.57,4800.0000000000
(1)800서랍레일450,◈철레일450(서랍레일) 3단 고급★,1279,P0000BXF,오크 핸드레일<br>40x70x3600 반달<br>60x70x3600 식빵,32.14,5000.0000000000
(1)800서랍레일피스,◈서랍레일피스 3*16,983,P0000BLV,3단 고급 서랍레일<br>피스포함,60.0,15.0000000000
(1)800석고본드,◈석고본드 (25KG),1244,P0000BVW,몰탈 접착 증강제 G-3 본드 (15kg),64.29,12100.0000000000
(1)800스텐피스25,◈스텐피스 25mm (양날/500개),914,P0000BJE,스텐 접시 양날피스,60.0,15500.0000000000
(1)800스텐피스32,◈스텐피스 32mm (양날/300개),914,P0000BJE,스텐 접시 양날피스,60.0,13200.0000000000
(1)800스텐피스38,◈스텐피스 38mm (양날/300개),914,P0000BJE,스텐 접시 양날피스,60.0,15000.0000000000
(1)800스텐피스50,◈스텐피스 50mm (양날/200개),914,P0000BJE,스텐 접시 양날피스,60.0,13200.0000000000
(1)800스토퍼말굽,◈말굽(말발굽) 도어스토퍼 자동(SN),1865,P0000CTT,테스트,30.0,3600.0000000000
(1)800스토퍼블랙,◈일자 도어스토퍼(스프링) [블랙],1865,P0000CTT,테스트,30.0,2500.0000000000
(1)800스토퍼실버,◈일자 도어스토퍼(스프링) [실버],1865,P0000CTT,테스트,30.0,2500.0000000000
(1)800스톱바,◈행가레일(사륜) 스톱바,1400,P0000CBW,"행거레일<br>댐퍼형(30kg,50kg,80kg)",41.54,2500.0000000000
(1)800실1701GR,◈실린더 1701 GR (핀/실버),1330,P0000BZE,실린더<br>BPL-1701 GR (핀/실버),82.76,14000.0000000000
(1)800실5000BK,◈실린더 5000 BK (키/블랙) KEY,1860,P0000CTO,실린더<br>BPL-5000 BK (키/블랙) KEY,85.71,13000.0000000000
(1)800실5000GR,◈실린더 5000 GR (키/실버) KEY,1326,P0000BZA,실린더<br>BPL-5000 GR (키/실버) KEY,85.71,13000.0000000000
(1)800실5000WT,◈실린더 5000 WT (키/화이트) KEY,1861,P0000CTP,실린더<br>BPL-5000 WT (키/화이트) KEY,86.49,13000.0000000000
(1)800실5001BK,◈실린더 5001 BK (핀/블랙),1862,P0000CTQ,실린더<br>BPL-5001 BK (핀/블랙),82.76,12300.0000000000
(1)800실5001GR,◈실린더 5001 GR (핀/실버),1327,P0000BZB,실린더<br>BPL-5001 GR (핀/실버),82.76,12300.0000000000
(1)800실5001WT,◈실린더 5001 WT (핀/화이트),1863,P0000CTR,실린더<br>BPL-5001 WT (핀/화이트),83.87,12300.0000000000
(1)800실5100GR,◈실린더 5100 GR (키/실버) KEY,1328,P0000BZC,실린더<br>BPL-5100 GR (키/실버) KEY,85.71,13000.0000000000
(1)800실5101GR,◈실린더 5101 GR (핀/실버),1329,P0000BZD,실린더<br>BPL-5101 GR (핀/실버),82.76,12300.0000000000
(1)800실6401GR,◈실린더 6401 GR (핀/실버),1331,P0000BZF,실린더<br>BPL-6401 GR (핀/실버),82.76,12800.0000000000
(1)800실리B1투명,◈바이오실리콘(곰팡이 방지) 투명○,863,P0000BHF,바이오 실리콘,90.0,3200.0000000000
(1)800실리B반투명,◈바이오실리콘(곰팡이 방지) 반투명◑,863,P0000BHF,바이오 실리콘,90.0,3200.0000000000
(1)800실리B백색,◈바이오실리콘(곰팡이 방지) 백색,863,P0000BHF,바이오 실리콘,90.0,3200.0000000000
(1)800실리C백색,◈아크씰 백색 (수용성/건축용/도장가능),864,P0000BHG,수용성 실리콘(아크씰),45.0,1600.0000000000
(1)800실리골드,◈실리콘 골드 (금색),861,P0000BHD,실리콘 건,77.14,2300.0000000000
(1)800실리밤색,◈실리콘 밤색,964,P0000BLC,실리콘 마감용 헤라,67.5,2000.0000000000
(1)800실리아이보리,◈실리콘 아이보리,861,P0000BHD,실리콘 건,77.14,2000.0000000000
(1)800실리우드,◈실리콘 우드,898,P0000BIO,변성 실리콘(우레탄 실리콘),72.0,2000.0000000000
(1)800실리체리,◈실리콘 체리,964,P0000BLC,실리콘 마감용 헤라,67.5,2000.0000000000
(1)800실리콘건,◈실리콘 건,861,P0000BHD,실리콘 건,100.0,5000.0000000000
(1)800실리회색,◈실리콘 회색,964,P0000BLC,실리콘 마감용 헤라,67.5,2000.0000000000
(1)800실리흑색,◈실리콘 흑색,964,P0000BLC,실리콘 마감용 헤라,67.5,2000.0000000000
(1)800실타615,◈실타카핀 615,913,P0000BJD,"6단위<br>실타카핀(615,618,625,630)",90.0,5600.0000000000
(1)800실타618,◈실타카핀 618,913,P0000BJD,"6단위<br>실타카핀(615,618,625,630)",77.14,5600.0000000000
(1)800실타625,◈실타카핀 625,913,P0000BJD,"6단위<br>실타카핀(615,618,625,630)",77.14,6000.0000000000
(1)800실타630,◈실타카핀 630,913,P0000BJD,"6단위<br>실타카핀(615,618,625,630)",64.29,6700.0000000000
(1)800쓰레받,◈PVC 쓰레받이,1239,P0000BVR,"PVC 몰딩<br>2계단,마이너스<br>백색",54.0,9000.0000000000
(1)800씽크경유15,◈씽크경첩 (15T / ★유압) OUT,985,P0000BLX,씽크경첩 110도 18T 일반 / 유압,59.26,1800.0000000000
(1)800씽크경유18,◈씽크경첩 (18T / ★유압),985,P0000BLX,씽크경첩 110도 18T 일반 / 유압,75.0,1800.0000000000
(1)800씽크경일15,◈씽크경첩 (15T / 일반),985,P0000BLX,씽크경첩 110도 18T 일반 / 유압,66.67,1200.0000000000
(1)800씽크경일18,◈씽크경첩 (18T / 일반),985,P0000BLX,씽크경첩 110도 18T 일반 / 유압,75.0,1200.0000000000
(1)800씽크경피스,◈씽크경첩피스 (4.0*16),985,P0000BLX,씽크경첩 110도 18T 일반 / 유압,60.0,20.0000000000
(1)800아연피스25,◈아연피스 25mm (목재용/1000개),929,P0000BJT,아연피스 ( 목재용 나팔머리 외날피스 ) 델타,42.42,9100.0000000000
(1)800아연피스32,◈아연피스 32mm (목재용/1000개),929,P0000BJT,아연피스 ( 목재용 나팔머리 외날피스 ) 델타,42.42,9700.0000000000
(1)800아연피스38,◈아연피스 38mm (목재용/500개),929,P0000BJT,아연피스 ( 목재용 나팔머리 외날피스 ) 델타,43.75,5500.0000000000
(1)800아연피스50,◈아연피스 50mm (목재용/500개),929,P0000BJT,아연피스 ( 목재용 나팔머리 외날피스 ) 델타,43.75,7800.0000000000
(1)800아연피스65,◈아연피스 65mm (목재용/300개),929,P0000BJT,아연피스 ( 목재용 나팔머리 외날피스 ) 델타,43.75,8200.0000000000
(1)800아연피스75,◈아연피스 75mm (목재용/300개),929,P0000BJT,아연피스 ( 목재용 나팔머리 외날피스 ) 델타,43.75,10200.0000000000
(1)800아연피스90,◈아연피스 90mm (목재용/200개),842,P0000BGK,목공용 본드 205,48.0,11600.0000000000
(1)800액자레일2,◈액자레일-백색 (2M),1425,P0000CCV,렉스판 프로파일<br>H조이너<br>PVC 백색,36.0,6000.0000000000
(1)800에어건,◈에어건 [자석] ☞(총)☞,902,P0000BIS,제일타카 1850A<br>타카총/에어타카,36.0,7300.0000000000
(1)800엘가이드,◈행가레일 엘가이드,1400,P0000CBW,"행거레일<br>댐퍼형(30kg,50kg,80kg)",45.0,5000.0000000000
(1)800오메가12,◈오메가레일 12자,1279,P0000BXF,오크 핸드레일<br>40x70x3600 반달<br>60x70x3600 식빵,38.57,12300.0000000000
(1)800오메가7,◈오메가레일 7자,1279,P0000BXF,오크 핸드레일<br>40x70x3600 반달<br>60x70x3600 식빵,41.54,7100.0000000000
(1)800오메가8,◈오메가레일 8자,1279,P0000BXF,오크 핸드레일<br>40x70x3600 반달<br>60x70x3600 식빵,41.54,8200.0000000000
(1)800오메가9,◈오메가레일 9자,1279,P0000BXF,오크 핸드레일<br>40x70x3600 반달<br>60x70x3600 식빵,41.54,9400.0000000000
(1)800오목손사각,◈오목이 사각 니켈 [매립형 손잡이],967,P0000BLF,목다보,36.0,2400.0000000000
(1)800오목손은,◈오목손잡이(은색),967,P0000BLF,목다보,36.0,2000.0000000000
(1)800오목손타원,◈오목이 타원형 실버 [매립형 손잡이],967,P0000BLF,목다보,36.0,2400.0000000000
(1)800오일116투명,◈오일스텐 16L [말통] (투명)○○,1245,P0000BVX,오일스테인 [외부용],31.58,81800.0000000000
(1)800오일135투명,◈오일스텐 3.5L (투명)○○,1683,P0000CMT,마감용 구조재 인테리어등급<BR>2” X 10” (38mm X 235mm) / 투텐,36.0,22000.0000000000
(1)800오일16도토리,◈오일스텐 16L [말통] (도토리),1245,P0000BVX,오일스테인 [외부용],49.09,81800.0000000000
(1)800오일16밤색,◈오일스텐 16L [말통] (밤색),1245,P0000BVX,오일스테인 [외부용],31.58,81800.0000000000
(1)800오일16월넛,◈오일스텐 16L [말통] (월넛),1245,P0000BVX,오일스테인 [외부용],31.58,81800.0000000000
(1)800오일16코코넛,◈오일스텐 16L [말통] (코코넛),1245,P0000BVX,오일스테인 [외부용],49.09,81800.0000000000
(1)800오일16티크,◈오일스텐 16L [말통] (티크),1245,P0000BVX,오일스테인 [외부용],31.58,81800.0000000000
(1)800오일16흑단,◈오일스텐 16L [말통] (흑단),1245,P0000BVX,오일스테인 [외부용],31.58,81800.0000000000
(1)800오일16흑색,◈오일스텐 16L [말통] (흑색),1245,P0000BVX,오일스테인 [외부용],31.58,81800.0000000000
(1)800오일35다크오렌,◈오일스텐 3.5L (다크오렌지),1245,P0000BVX,오일스테인 [외부용],49.09,22000.0000000000
(1)800오일35도토리,◈오일스텐 3.5L (도토리),1417,P0000CCN,한솔 스토리월<br>9T x 390 x 790<br>유광,36.0,22000.0000000000
(1)800오일35레드와인,◈오일스텐 3.5L (레드와인),1245,P0000BVX,오일스테인 [외부용],42.11,22000.0000000000
(1)800오일35마호가니,◈오일스텐 3.5L (마호가니),1414,P0000CCK,마호가니 벤치목 4R<br>45x90x1500/1800,48.0,22000.0000000000
(1)800오일35밝은오크,◈오일스텐 3.5L (밝은오크),1245,P0000BVX,오일스테인 [외부용],31.58,22000.0000000000
(1)800오일35밤색,◈오일스텐 3.5L (밤색),1245,P0000BVX,오일스테인 [외부용],35.29,22000.0000000000
(1)800오일35살구색,◈오일스텐 3.5L (살구색),1245,P0000BVX,오일스테인 [외부용],33.33,22000.0000000000
(1)800오일35연녹색,◈오일스텐 3.5L (연녹색),1245,P0000BVX,오일스테인 [외부용],33.33,22000.0000000000
(1)800오일35연밤색,◈오일스텐 3.5L (연밤색),1245,P0000BVX,오일스테인 [외부용],33.33,22000.0000000000
(1)800오일35월넛,◈오일스텐 3.5L (월넛),1245,P0000BVX,오일스테인 [외부용],35.29,22000.0000000000
(1)800오일35자단,◈오일스텐 3.5L (자단),1245,P0000BVX,오일스테인 [외부용],35.29,22000.0000000000
(1)800오일35참나무,◈오일스텐 3.5L (참나무),825,P0000BFT,오크(참나무)<br>계단재,40.0,22000.0000000000
(1)800오일35체리,◈오일스텐 3.5L (체리),861,P0000BHD,실리콘 건,36.0,22000.0000000000
(1)800오일35코코넛,◈오일스텐 3.5L (코코넛),1245,P0000BVX,오일스테인 [외부용],33.33,22000.0000000000
(1)800오일35티크,◈오일스텐 3.5L (티크),1245,P0000BVX,오일스테인 [외부용],35.29,22000.0000000000
(1)800오일35화이트,◈오일스텐 3.5L (화이트),1499,P0000CFR,스완 화이트<br>800x95x7.5mm<br>강마루 베이직,48.0,22000.0000000000
(1)800오일35황색,◈오일스텐 3.5L (황색),1245,P0000BVX,오일스테인 [외부용],35.29,22000.0000000000
(1)800오일35흑단,◈오일스텐 3.5L (흑단),1245,P0000BVX,오일스테인 [외부용],35.29,22000.0000000000
(1)800오일35흑색,◈오일스텐 3.5L (흑색),1245,P0000BVX,오일스테인 [외부용],35.29,22000.0000000000
(1)800윙스25,◈윙스크류 25mm (양날/접시/500개),988,P0000BMA,윙스크류 양날피스,60.0,10500.0000000000
(1)800윙스252,◈윙스크류 25mm (양날/접시/★1000개!!),988,P0000BMA,윙스크류 양날피스,60.0,22700.0000000000
(1)800윙스32,◈윙스크류 32mm (양날/접시/500개),988,P0000BMA,윙스크류 양날피스,60.0,11400.0000000000
(1)800윙스38,◈윙스크류 38mm (양날/접시/500개),988,P0000BMA,윙스크류 양날피스,60.0,12700.0000000000
(1)800윙스45,◈윙스크류 45mm (양날/접시/500개),988,P0000BMA,윙스크류 양날피스,60.0,17100.0000000000
(1)800윙스55,◈윙스크류 55mm (양날/접시/300개),988,P0000BMA,윙스크류 양날피스,60.0,11400.0000000000
(1)800유리다보,◈유리다보 (판매용),967,P0000BLF,목다보,60.0,0.0000000000
(1)800자유경3,◈자유경첩 3인치 [1조],1855,P0000CTJ,영림 슬림히든경첩M (2EA/1조)<br>실버,40.0,19400.0000000000
(1)800자유경4,◈자유경첩 4인치 [1조],1855,P0000CTJ,영림 슬림히든경첩M (2EA/1조)<br>실버,40.0,20500.0000000000
(1)800장갑1코팅R,◈코팅장갑(RED) 1타(10개묶음),987,P0000BLZ,반코팅 장갑 (1타/10개),75.0,2900.0000000000
(1)800장갑기능대,◈기능성장갑 (대),987,P0000BLZ,반코팅 장갑 (1타/10개),32.73,1800.0000000000
(1)800장갑기능소,◈기능성장갑 (소),987,P0000BLZ,반코팅 장갑 (1타/10개),32.73,1800.0000000000
(1)800장갑기능중,◈기능성장갑 (중),987,P0000BLZ,반코팅 장갑 (1타/10개),32.73,1800.0000000000
(1)800점검300,◈점검구[자동] 300*300,1401,P0000CBX,PVC 점검구,60.0,9000.0000000000
(1)800점검400,◈점검구[자동] 400*400,1401,P0000CBX,PVC 점검구,60.0,9400.0000000000
(1)800점검450,◈점검구[자동] 450*450 ★,1401,P0000CBX,PVC 점검구,60.0,9500.0000000000
(1)800점검600,◈점검구[자동] 600*600,1401,P0000CBX,PVC 점검구,60.0,12700.0000000000
(1)800점검AL600,◈AL 점검구[백색도장] 600*600,1401,P0000CBX,PVC 점검구,49.09,13600.0000000000
(1)800점검PVC300,◈PVC 점검구 300*300 밀폐형,1401,P0000CBX,PVC 점검구,90.0,9000.0000000000
(1)800점검PVC400,◈PVC 점검구 400*400 밀폐형,1401,P0000CBX,PVC 점검구,90.0,9400.0000000000
(1)800점검PVC450,◈PVC 점검구 450*450 밀폐형,1401,P0000CBX,PVC 점검구,90.0,9500.0000000000
(1)800점검PVC600,◈PVC 점검구 600*600 밀폐형,1401,P0000CBX,PVC 점검구,90.0,12700.0000000000
(1)800접시13,◈접시머리 양날피스 13mm(1000개),910,P0000BJA,접시머리 양날피스(황색),80.0,6400.0000000000
(1)800접시25,◈접시머리 양날피스 25mm(500개),910,P0000BJA,접시머리 양날피스(황색),80.0,8200.0000000000
(1)800접시32,◈접시머리 양날피스 32mm(500개),910,P0000BJA,접시머리 양날피스(황색),80.0,9800.0000000000
(1)800접시38,◈접시머리 양날피스 38mm(500개),910,P0000BJA,접시머리 양날피스(황색),80.0,10900.0000000000
(1)800접착205,◈205 본드 (오공 / 목공용),980,P0000BLS,헨켈(파텍스) 빨리굳는목공용 접착제,33.75,2000.0000000000
(1)800접착777,◈강력 스프레이 접착제 777,849,P0000BGR,다용도 스프레이 접착제 707,72.0,6000.0000000000
(1)800접착G1원,◈[원평] G1 본드 (18L),1242,P0000BVU,보드 합지 접착제 G-1 본드 (18L),78.75,47300.0000000000
(1)800접착G2원,◈[원평] G2 본드 (10KG),1243,P0000BVV,단열 보드 접착제 G-2 본드 (10kg),80.0,20000.0000000000
(1)800접착G3원,◈[원평] G3플러스 (몰타론7000/15KG),1244,P0000BVW,몰탈 접착 증강제 G-3 본드 (15kg),36.36,58200.0000000000
(1)800접착아이소,◈아이소핑크 접착제 (스티로폼용),848,P0000BGQ,아이소핑크(단열재 접착제) 850g,57.14,3600.0000000000
(1)800접착에폭4,◈에폭시 (석재용 접착제) 4+4KG [소],850,P0000BGS,석재용 접착제 (에폭시),60.0,28200.0000000000
(1)800접착에폭A10,◈에폭시 (석재용 접착제) 10+10KG [대],850,P0000BGS,석재용 접착제 (에폭시),60.0,53200.0000000000
(1)800접착프라1,◈수성 프라이머(필름 접착제) (1KG) 소,1244,P0000BVW,몰탈 접착 증강제 G-3 본드 (15kg),40.0,9100.0000000000
(1)800접착프라3,◈수성 프라이머(필름 접착제) (3KG) 대,1244,P0000BVW,몰탈 접착 증강제 G-3 본드 (15kg),40.0,21800.0000000000
(1)800줄자55국,◈줄자 [국산] 5.5M,1851,P0000CTF,현대L&C 보닥 인테리어필름 PNC55(M),54.0,3600.0000000000
(1)800줄자55세,◈줄자[세신/국산] 5.5M,1851,P0000CTF,현대L&C 보닥 인테리어필름 PNC55(M),45.0,3600.0000000000
(1)800줄자55타,◈줄자 [타지마/고급 일본산] 5.5M,1842,P0000CSW,예림CL01(HS801) 마이너스몰딩 25 x 15 (mm),28.42,20700.0000000000
(1)800줄자75타,◈줄자 [타지마/고급 일본산] 7.5M,842,P0000BGK,목공용 본드 205,27.69,25000.0000000000
(1)800철기리30,◈철기리 [10 PCS/각]● 3.0MM,1703,P0000CNN,차음시트 단면점착<br>4T 1000 x 1000mm,47.37,14100.0000000000
(1)800철기리32,◈철기리 [10 PCS/각]● 3.2MM,1683,P0000CMT,마감용 구조재 인테리어등급<BR>2” X 10” (38mm X 235mm) / 투텐,41.54,14100.0000000000
(1)800철기리33,◈철기리 [10 PCS/각]● 3.3MM,1683,P0000CMT,마감용 구조재 인테리어등급<BR>2” X 10” (38mm X 235mm) / 투텐,41.54,14100.0000000000
(1)800총1850A,◈제일타카 1850A ☞(타카총)☞,902,P0000BIS,제일타카 1850A<br>타카총/에어타카,80.0,106500.0000000000
(1)800총630R,◈제일타카 630R ☞(타카총)☞,902,P0000BIS,제일타카 1850A<br>타카총/에어타카,62.07,118200.0000000000
(1)800총BN1664,◈제일타카 BN 16/64 ☞(타카총)☞,902,P0000BIS,제일타카 1850A<br>타카총/에어타카,51.61,118200.0000000000
(1)800총CT64,◈제일타카 CT64RS ☞(총)☞,902,P0000BIS,제일타카 1850A<br>타카총/에어타카,48.0,145500.0000000000
(1)800총F30,◈제일타카 F30 ☞(타카총)☞,902,P0000BIS,제일타카 1850A<br>타카총/에어타카,57.14,61800.0000000000
(1)800칼브럭625,◈칼브럭 (6*25) 60mm,913,P0000BJD,"6단위<br>실타카핀(615,618,625,630)",56.25,5000.0000000000
(1)800칼브럭640,◈칼브럭 (6*40) 70mm,1806,P0000CRM,멀바우 집성판<br>사이드핑거 30T x 910 x 2400mm,60.0,6600.0000000000
(1)800칼브럭812,◈칼브럭 (8*12) 50mm,1666,P0000CMC,방부목 각재<br> 5” X 5” 크로바(120mm X 120mm),60.0,6300.0000000000
(1)800칼브럭890,◈칼브럭 (8*90) 90mm,1593,P0000CJH,단열재 아이소핑크/압출법보온판 <br>100T x 900 x 1800mm,60.0,10500.0000000000
(1)800캇타칼,◈캇타칼 (일반),1642,P0000CLE,일반 합판(수입산) 4*8<br>11.5T x 1220 x 2440mm (다이아),51.43,1600.0000000000
(1)800캇타칼고급,◈캇타칼 (★고급 전문가용/일제),1269,P0000BWV,운반비 결제,30.0,8500.0000000000
(1)800캇타칼날,◈캇타칼날 (10 PCS),1401,P0000CBX,PVC 점검구,40.0,1800.0000000000
(1)800콩피스816,◈와셔붙이/양날(콩피스) (8*16) 1000PS,988,P0000BMA,윙스크류 양날피스,45.0,0.0000000000
(1)800타카1022J,◈1022J (목공용 ㄷ자 타카핀),899,P0000BIP,"J단위<BR>타카핀(416,149,422,1022)",45.0,6600.0000000000
(1)800타카1ST18,◈ST18 [콘크리트용],1173,P0000BTD,test,60.0,4600.0000000000
(1)800타카1ST25,◈ST25 [콘크리트용],1173,P0000BTD,test,60.0,5600.0000000000
(1)800타카1ST32,◈ST32 [콘크리트용],1173,P0000BTD,test,60.0,6500.0000000000
(1)800타카1ST38,◈ST38 [콘크리트용],1173,P0000BTD,test,60.0,4200.0000000000
(1)800타카1ST45,◈ST45 [콘크리트용],1173,P0000BTD,test,60.0,4500.0000000000
(1)800타카1ST50,◈ST50 [콘크리트용],1173,P0000BTD,test,60.0,5500.0000000000
(1)800타카1ST57,◈ST57 [콘크리트용],1173,P0000BTD,test,60.0,6600.0000000000
(1)800타카1ST64,◈ST64 [콘크리트용],1173,P0000BTD,test,60.0,6500.0000000000
(1)800타카416J,◈416J (목공용 ㄷ자 타카핀),899,P0000BIP,"J단위<BR>타카핀(416,149,422,1022)",37.89,4500.0000000000
(1)800타카419J,◈419J (목공용 ㄷ자 타카핀),899,P0000BIP,"J단위<BR>타카핀(416,149,422,1022)",37.89,4400.0000000000
(1)800타카DT50,◈DT50 [목재용],856,P0000BGY,목재보호용<br>오일스테인 외부용,45.0,12500.0000000000
(1)800타카DT64,◈DT64 [목재용],1180,P0000BTK,영림중문<br>아치형 데메테르<br>YD-1640,45.0,13200.0000000000
(1)800타카F15,◈핀F15,913,P0000BJD,"6단위<br>실타카핀(615,618,625,630)",67.5,3600.0000000000
(1)800타카F20,◈핀F20,1362,P0000CAK,우주<br>키즈도어 YK-020,60.0,4100.0000000000
(1)800타카F25,◈핀F25,1705,P0000CNP,LST / JST 타카핀 25,77.14,4500.0000000000
(1)800타카F30,◈핀F30,1195,P0000BTZ,영림중문<br>클래식(ABS) 쁘띠하임<br>YA-1430,60.0,3600.0000000000
(1)800타카F40,◈핀F40,1238,P0000BVQ,"인디언오크 몰딩<br>평판문선,천장,걸레받이<br>영림40",60.0,7500.0000000000
(1)800타카F50,◈핀F50,1709,P0000CNT,LST / JST 타카핀 50,77.14,8500.0000000000
(1)800타카FST15,◈FST15 [얇은 콘크리트용],1173,P0000BTD,test,51.43,8400.0000000000
(1)800타카FST18,◈FST18 [얇은 콘크리트용],1173,P0000BTD,test,51.43,8600.0000000000
(1)800타카FST25,◈FST25 [얇은 콘크리트용],1173,P0000BTD,test,51.43,9500.0000000000
(1)800타카FST30,◈FST30 [얇은 콘크리트용],1173,P0000BTD,test,51.43,0.0000000000
(1)800타카JST18,◈JST18[콘크리트용/테이프마감](=LST18),1704,P0000CNO,LST / JST 타카핀 18,56.25,6700.0000000000
(1)800타카JST25,◈JST25[콘크리트용/테이프마감](=LST25),1705,P0000CNP,LST / JST 타카핀 25,56.25,7300.0000000000
(1)800타카JST32,◈JST32[콘크리트용/테이프마감](=LST32),1706,P0000CNQ,LST / JST 타카핀 32,56.25,8800.0000000000
(1)800타카JST38,◈JST38[콘크리트용/테이프마감](=LST38),1707,P0000CNR,LST / JST 타카핀 38,56.25,5100.0000000000
(1)800타카JST45,◈JST45[콘크리트용/테이프마감](=LST45),1708,P0000CNS,LST / JST 타카핀 45,56.25,5700.0000000000
(1)800타카JST50,◈JST50[콘크리트용/테이프마감](=LST50),1709,P0000CNT,LST / JST 타카핀 50,56.25,6700.0000000000
(1)800타카JST64,◈JST64[콘크리트용/테이프마감](=LST64),1710,P0000CNU,LST / JST 타카핀 64,56.25,8500.0000000000
(1)800타카T50,◈T50 (=C50) (티),901,P0000BIR,"F단위<BR>타카핀(15,20,25,30,40,50)",54.0,11800.0000000000
(1)800타카T57,◈T57 (=C57) (티),1534,P0000CHA,예림 프레임 월 FW570<br>570x570x15T<br>웬지브라운,51.43,11500.0000000000
(1)800타카T64,◈T64 (=C64) (티),1240,P0000BVS,"C타카핀<BR>타카핀(C50,C57,C64)",54.0,13500.0000000000
(1)800테잎25은,◈은박테이프 (단열재 전용) 25M (소),890,P0000BIG,단열재 은박테이프<br>열반사단열재전용,62.5,1800.0000000000
(1)800테잎50은,◈은박테이프 (단열재 전용) 50M (대)★,890,P0000BIG,단열재 은박테이프<br>열반사단열재전용,62.5,2700.0000000000
(1)800테잎마스대,◈마스킹테이프 (대) 50mm*40M,1667,P0000CMD,방부목 각재<br>6” X 6” 크로바(140mm X 140mm),46.96,3000.0000000000
(1)800테잎마스소,◈마스킹테이프 (소) 25mm*40M,1670,P0000CMG,방부목 데크<br>25mm X 140mm (대),43.75,1600.0000000000
(1)800테잎박스,◈테이프(OPP 박스테이프),1865,P0000CTT,테스트,45.0,1700.0000000000
(1)800테잎청,◈테이프(청테이프),1865,P0000CTT,테스트,45.0,1100.0000000000
(1)800테잎커버2000,◈커버링테이프 (중) 2000mm*20M,1666,P0000CMC,방부목 각재<br> 5” X 5” 크로바(120mm X 120mm),48.46,4000.0000000000
(1)800테잎커버2700,◈커버링테이프 (대) 2700mm*20M,1666,P0000CMC,방부목 각재<br> 5” X 5” 크로바(120mm X 120mm),48.46,5900.0000000000
(1)800테잎커버900,◈커버링테이프 (소) 900mm*20M,1666,P0000CMC,방부목 각재<br> 5” X 5” 크로바(120mm X 120mm),45.0,2200.0000000000
(1)800테잎플로,◈우벤테이프 ★(플로베니아/골판지 용),838,P0000BGG,유니크 판재,36.0,3500.0000000000
(1)800텐텐지,◈텐텐지 (건축용 보양재) 1.8M*85M,1536,P0000CHC,텐텐지 백색<br>1800x길이 85M,50.0,27300.0000000000
(1)800톱날265대,◈톱날 265mm (국산/대건) [1봉(3개입)],1614,P0000CKC,소송 각재 KD<br>투바이 30 x 69 x 3600mm 1개(낱개),36.0,11400.0000000000
(1)800톱날300대,◈톱날 300mm (국산/대건) [1봉(3개입)],1614,P0000CKC,소송 각재 KD<br>투바이 30 x 69 x 3600mm 1개(낱개),48.46,12300.0000000000
(1)800톱날330대,◈톱날 330mm (국산/대건) [1봉(3개입)],1612,P0000CKA,소송 각재 KD<br>다루끼 30 x 30 x 3600mm 1개(낱개),43.45,12300.0000000000
(1)800톱날A265타,◈톱날 265mm (일제/타지마)[1봉(3개입)],909,P0000BIZ,"톱날 ( 대건금속, 타지마 )",38.46,19200.0000000000
(1)800톱날A300타,◈톱날 300mm (일제/타지마)[1봉(3개입)],1614,P0000CKC,소송 각재 KD<br>투바이 30 x 69 x 3600mm 1개(낱개),46.67,22000.0000000000
(1)800톱날A330타,◈톱날 330mm (일제/타지마)[1봉(3개입)],1612,P0000CKA,소송 각재 KD<br>다루끼 30 x 30 x 3600mm 1개(낱개),42.0,22000.0000000000
(1)800톱대,◈톱대 (손잡이) 권총형,1856,P0000CTK,월드폼<BR>좋은폼 (1회용/빨대형),36.0,4100.0000000000
(1)800퍼티20,◈마스터 퍼티 (내부용/20KG) 大,842,P0000BGK,목공용 본드 205,41.54,15300.0000000000
(1)800퍼티5,◈마스터 퍼티 (내부용/5KG) 小,1865,P0000CTT,테스트,36.0,6500.0000000000
(1)800평붓2,◈평붓 2인치,908,P0000BIY,평붓,90.0,800.0000000000
(1)800평붓3,◈평붓 3인치,908,P0000BIY,평붓,90.0,1300.0000000000
(1)800평붓4,◈평붓 4인치,908,P0000BIY,평붓,90.0,1500.0000000000
(1)800평붓5,◈평붓 5인치,908,P0000BIY,평붓,90.0,1800.0000000000
(1)800플로3,◈플로베니아 (PVC보양재) 3T*900*1800,978,P0000BLQ,플로베니아 백색 900*1800,70.59,2200.0000000000
(1)800피스다보,◈피스다보 (판매용),967,P0000BLF,목다보,60.0,200.0000000000
(1)800피스톤630,◈피스톤 - 630,913,P0000BJD,"6단위<br>실타카핀(615,618,625,630)",60.0,7000.0000000000
(1)800피스톤CT64,◈피스톤 - CT64N,1240,P0000BVS,"C타카핀<BR>타카핀(C50,C57,C64)",49.09,20000.0000000000
(1)800피스톤F30,◈피스톤 - F30,1195,P0000BTZ,영림중문<br>클래식(ABS) 쁘띠하임<br>YA-1430,45.0,4000.0000000000
(1)800하폼건월드1,◈월드폼[좋은폼] ☞(건용폼 / 우레탄폼)☞,1819,P0000CRZ,월드폼<BR>좋은폼 건타입,58.33,4000.0000000000
(1)800하폼건월드2,◈월드폼본드 B2 (접착용 / 건용),1818,P0000CRY,월드폼<BR>폼본드(난연/B2) 건타입,59.26,6600.0000000000
(1)800하폼건월드3,◈스프레이폼 (월드폼/ 단열폼 / 건용),1821,P0000CSB,월드폼<BR>스프레이폼 건타입,46.15,7900.0000000000
(1)800하폼건월드4,◈스피드폼 (월드폼/ 건용),1857,P0000CTL,월드폼<BR>월드폼 전용 크리너,54.55,6900.0000000000
(1)800하폼건월드5,◈티탄 방화폼 B1 (월드폼),1858,P0000CTM,월드폼<BR>티탄 B1 난연폼,45.45,10500.0000000000
(1)800하폼건월드8,◈[일회용폼!!] 월드폼[좋은폼] (우레탄폼),857,P0000BGZ,폴리우레탄 폼 전용 건,55.38,4000.0000000000
(1)800하폼건월드9,◈☞폼건☜ 월드폼 251 (우레탄폼건),1859,P0000CTN,월드폼<BR>월드 251건,58.33,12800.0000000000
(1)800하폼크리너,◈폼 크리너 (폼건 세척제),859,P0000BHB,사용안함 폴리우레탄 폼 전용 건 세척제,56.25,3800.0000000000
(1)800핫멜트1심,◈핫멜트 심 (접착제/1봉 25개),1244,P0000BVW,몰탈 접착 증강제 G-3 본드 (15kg),37.04,4900.0000000000
(1)800핫멜트건,◈핫멜트 건 ☞(고급 총)☞,845,P0000BGN,스틱형 다용도 접착제(핫멜트+글루건),55.38,17000.0000000000
(1)800핫팩,◈핫팩 [대형 160g],1243,P0000BVV,단열 보드 접착제 G-2 본드 (10kg),45.0,700.0000000000
(1)800행가노출2,◈노출형행가 (노출형/흑색/양댐퍼) 2M,1160,P0000BSQ,노출 콘크리트<br>불연 시멘트 콘보드<br>590*800,21.18,140000.0000000000
(1)800행가레일2,◈행가레일(사륜용) 2M (32*32),1400,P0000CBW,"행거레일<br>댐퍼형(30kg,50kg,80kg)",31.76,19500.0000000000
(1)800행가양댐30,◈반자동행가 로라셋트(양댐퍼) N30 [도어폭700이상],1353,P0000CAB,영림<br>더도어 TA-100,36.0,32000.0000000000
(1)800행가양댐50,◈반자동행가 로라셋트(양댐퍼) N50 [도어폭900이상],1846,P0000CTA,도무스 도어핸들 905SS,36.0,44000.0000000000
(1)800행가양댐80,◈반자동행가 로라셋트(양댐퍼) N80 [도어폭900이상],1846,P0000CTA,도무스 도어핸들 905SS,36.0,48000.0000000000
(1)800행가하부촉,◈행가레일(사륜) 아연가이드(하부촉),1400,P0000CBW,"행거레일<br>댐퍼형(30kg,50kg,80kg)",30.0,2300.0000000000
(1)800헤라대,◈실리콘마감용 헤라 (대),964,P0000BLC,실리콘 마감용 헤라,94.12,1800.0000000000
(1)800헤라소,◈실리콘마감용 헤라 (소),964,P0000BLC,실리콘 마감용 헤라,94.12,1800.0000000000
(1)800헤라중,◈실리콘마감용 헤라 (중),964,P0000BLC,실리콘 마감용 헤라,94.12,1800.0000000000
(1)800호스10,◈파워호스 ∮8.0 [10 미터],1414,P0000CCK,마호가니 벤치목 4R<br>45x90x1500/1800,41.54,12300.0000000000
(1)800호스20,◈파워호스 ∮8.0 [20 미터],1414,P0000CCK,마호가니 벤치목 4R<br>45x90x1500/1800,41.54,18800.0000000000
(1)800호스30,◈파워호스 ∮8.0 [30 미터],1414,P0000CCK,마호가니 벤치목 4R<br>45x90x1500/1800,41.54,27000.0000000000
(1)800호차30,◈오메가 호차(30mm),1781,P0000CQN,오크 집성판<br>사이드핑거 30T x 915 x 2300mm,51.43,1900.0000000000
(1)A100뉴송11317,◈뉴송 39*51*3600(1.3*1.7) 폼다루끼 [단],836,P0000BGE,뉴송 각재,60.0,18500.0000000000
(1)A100뉴송21727,◈뉴송 51*81*3600(1.7*2.7) 정재투바이,836,P0000BGE,뉴송 각재,60.0,6500.0000000000
(1)A100뉴송32727,◈뉴송 81*81*3600(2.7*2.7) 산승각,836,P0000BGE,뉴송 각재,60.0,10200.0000000000
